sales_id,sales_date,revenue_category,amount_jpy
1,2025-01-01,Rooms,756698.0
2,2025-01-01,Food & Beverage,151058.0
3,2025-01-01,Spa,62703.0
4,2025-01-01,Events,103184.0
5,2025-01-01,Parking,18876.0
6,2025-01-02,Rooms,847456.0
7,2025-01-02,Food & Beverage,249966.0
8,2025-01-02,Spa,68332.0
9,2025-01-02,Events,41102.0
10,2025-01-02,Parking,8814.0
11,2025-01-03,Rooms,722449.0
12,2025-01-03,Food & Beverage,182263.0
13,2025-01-03,Spa,34268.0
14,2025-01-03,Events,14883.0
15,2025-01-03,Parking,8187.0
16,2025-01-04,Rooms,932122.0
17,2025-01-04,Food & Beverage,259454.0
18,2025-01-04,Spa,52163.0
19,2025-01-04,Events,73556.0
20,2025-01-04,Parking,15639.0
21,2025-01-05,Rooms,917472.0
22,2025-01-05,Food & Beverage,208090.0
23,2025-01-05,Spa,79877.0
24,2025-01-05,Events,31999.0
25,2025-01-05,Parking,14074.0
26,2025-01-06,Rooms,671970.0
27,2025-01-06,Food & Beverage,182837.0
28,2025-01-06,Spa,60104.0
29,2025-01-06,Events,77273.0
30,2025-01-06,Parking,18217.0
31,2025-01-07,Rooms,858916.0
32,2025-01-07,Food & Beverage,267774.0
33,2025-01-07,Spa,39894.0
34,2025-01-07,Events,120408.0
35,2025-01-07,Parking,17071.0
36,2025-01-08,Rooms,595888.0
37,2025-01-08,Food & Beverage,145462.0
38,2025-01-08,Spa,37702.0
39,2025-01-08,Events,18484.0
40,2025-01-08,Parking,20873.0
41,2025-01-09,Rooms,663285.0
42,2025-01-09,Food & Beverage,190850.0
43,2025-01-09,Spa,58279.0
44,2025-01-09,Events,16853.0
45,2025-01-09,Parking,14251.0
46,2025-01-10,Rooms,975636.0
47,2025-01-10,Food & Beverage,285841.0
48,2025-01-10,Spa,61205.0
49,2025-01-10,Events,98738.0
50,2025-01-10,Parking,21131.0
51,2025-01-11,Rooms,686851.0
52,2025-01-11,Food & Beverage,212594.0
53,2025-01-11,Spa,36990.0
54,2025-01-11,Events,62645.0
55,2025-01-11,Parking,8488.0
56,2025-01-12,Rooms,831515.0
57,2025-01-12,Food & Beverage,173209.0
58,2025-01-12,Spa,40478.0
59,2025-01-12,Events,49145.0
60,2025-01-12,Parking,32868.0
61,2025-01-13,Rooms,742436.0
62,2025-01-13,Food & Beverage,151554.0
63,2025-01-13,Spa,29574.0
64,2025-01-13,Events,20203.0
65,2025-01-13,Parking,11966.0
66,2025-01-14,Rooms,857140.0
67,2025-01-14,Food & Beverage,183917.0
68,2025-01-14,Spa,62178.0
69,2025-01-14,Events,116024.0
70,2025-01-14,Parking,27740.0
71,2025-01-15,Rooms,951661.0
72,2025-01-15,Food & Beverage,257865.0
73,2025-01-15,Spa,47938.0
74,2025-01-15,Events,133566.0
75,2025-01-15,Parking,33730.0
76,2025-01-16,Rooms,648031.0
77,2025-01-16,Food & Beverage,204161.0
78,2025-01-16,Spa,35852.0
79,2025-01-16,Events,109016.0
80,2025-01-16,Parking,21318.0
81,2025-01-17,Rooms,699673.0
82,2025-01-17,Food & Beverage,169735.0
83,2025-01-17,Spa,24917.0
84,2025-01-17,Events,47124.0
85,2025-01-17,Parking,12436.0
86,2025-01-18,Rooms,956080.0
87,2025-01-18,Food & Beverage,305496.0
88,2025-01-18,Spa,62770.0
89,2025-01-18,Events,45464.0
90,2025-01-18,Parking,20190.0
91,2025-01-19,Rooms,824060.0
92,2025-01-19,Food & Beverage,252930.0
93,2025-01-19,Spa,38815.0
94,2025-01-19,Events,44071.0
95,2025-01-19,Parking,19202.0
96,2025-01-20,Rooms,768751.0
97,2025-01-20,Food & Beverage,155253.0
98,2025-01-20,Spa,50699.0
99,2025-01-20,Events,128368.0
100,2025-01-20,Parking,12855.0
101,2025-01-21,Rooms,774407.0
102,2025-01-21,Food & Beverage,141540.0
103,2025-01-21,Spa,53477.0
104,2025-01-21,Events,86826.0
105,2025-01-21,Parking,17066.0
106,2025-01-22,Rooms,718289.0
107,2025-01-22,Food & Beverage,166825.0
108,2025-01-22,Spa,26299.0
109,2025-01-22,Events,20500.0
110,2025-01-22,Parking,9521.0
111,2025-01-23,Rooms,568730.0
112,2025-01-23,Food & Beverage,180306.0
113,2025-01-23,Spa,40662.0
114,2025-01-23,Events,57618.0
115,2025-01-23,Parking,20087.0
116,2025-01-24,Rooms,548436.0
117,2025-01-24,Food & Beverage,145598.0
118,2025-01-24,Spa,41396.0
119,2025-01-24,Events,68834.0
120,2025-01-24,Parking,14583.0
121,2025-01-25,Rooms,834207.0
122,2025-01-25,Food & Beverage,221966.0
123,2025-01-25,Spa,72500.0
124,2025-01-25,Events,103461.0
125,2025-01-25,Parking,25533.0
126,2025-01-26,Rooms,886739.0
127,2025-01-26,Food & Beverage,224085.0
128,2025-01-26,Spa,48525.0
129,2025-01-26,Events,50993.0
130,2025-01-26,Parking,24992.0
131,2025-01-27,Rooms,730912.0
132,2025-01-27,Food & Beverage,182781.0
133,2025-01-27,Spa,27347.0
134,2025-01-27,Events,69997.0
135,2025-01-27,Parking,17928.0
136,2025-01-28,Rooms,700637.0
137,2025-01-28,Food & Beverage,179618.0
138,2025-01-28,Spa,61310.0
139,2025-01-28,Events,46759.0
140,2025-01-28,Parking,23565.0
141,2025-01-29,Rooms,842159.0
142,2025-01-29,Food & Beverage,266614.0
143,2025-01-29,Spa,44524.0
144,2025-01-29,Events,124997.0
145,2025-01-29,Parking,18981.0
146,2025-01-30,Rooms,859577.0
147,2025-01-30,Food & Beverage,253494.0
148,2025-01-30,Spa,46982.0
149,2025-01-30,Events,91611.0
150,2025-01-30,Parking,17677.0
151,2025-01-31,Rooms,962441.0
152,2025-01-31,Food & Beverage,263668.0
153,2025-01-31,Spa,72095.0
154,2025-01-31,Events,109272.0
155,2025-01-31,Parking,18099.0
156,2025-02-01,Rooms,711996.0
157,2025-02-01,Food & Beverage,148845.0
158,2025-02-01,Spa,56341.0
159,2025-02-01,Events,127103.0
160,2025-02-01,Parking,21082.0
161,2025-02-02,Rooms,686645.0
162,2025-02-02,Food & Beverage,198354.0
163,2025-02-02,Spa,47275.0
164,2025-02-02,Events,20655.0
165,2025-02-02,Parking,10855.0
166,2025-02-03,Rooms,875205.0
167,2025-02-03,Food & Beverage,248254.0
168,2025-02-03,Spa,37801.0
169,2025-02-03,Events,31113.0
170,2025-02-03,Parking,9177.0
171,2025-02-04,Rooms,730840.0
172,2025-02-04,Food & Beverage,181162.0
173,2025-02-04,Spa,58358.0
174,2025-02-04,Events,127495.0
175,2025-02-04,Parking,25421.0
176,2025-02-05,Rooms,886368.0
177,2025-02-05,Food & Beverage,193476.0
178,2025-02-05,Spa,59840.0
179,2025-02-05,Events,102687.0
180,2025-02-05,Parking,22414.0
181,2025-02-06,Rooms,756100.0
182,2025-02-06,Food & Beverage,212181.0
183,2025-02-06,Spa,61767.0
184,2025-02-06,Events,80793.0
185,2025-02-06,Parking,15863.0
186,2025-02-07,Rooms,740060.0
187,2025-02-07,Food & Beverage,147201.0
188,2025-02-07,Spa,43904.0
189,2025-02-07,Events,16846.0
190,2025-02-07,Parking,24880.0
191,2025-02-08,Rooms,770398.0
192,2025-02-08,Food & Beverage,227401.0
193,2025-02-08,Spa,49409.0
194,2025-02-08,Events,131567.0
195,2025-02-08,Parking,17027.0
196,2025-02-09,Rooms,699756.0
197,2025-02-09,Food & Beverage,181002.0
198,2025-02-09,Spa,23211.0
199,2025-02-09,Events,119237.0
200,2025-02-09,Parking,23495.0
201,2025-02-10,Rooms,1076362.0
202,2025-02-10,Food & Beverage,250551.0
203,2025-02-10,Spa,36040.0
204,2025-02-10,Events,143406.0
205,2025-02-10,Parking,29750.0
206,2025-02-11,Rooms,720520.0
207,2025-02-11,Food & Beverage,147667.0
208,2025-02-11,Spa,43980.0
209,2025-02-11,Events,86208.0
210,2025-02-11,Parking,23601.0
211,2025-02-12,Rooms,722440.0
212,2025-02-12,Food & Beverage,141939.0
213,2025-02-12,Spa,32725.0
214,2025-02-12,Events,96155.0
215,2025-02-12,Parking,25374.0
216,2025-02-13,Rooms,788263.0
217,2025-02-13,Food & Beverage,191304.0
218,2025-02-13,Spa,53425.0
219,2025-02-13,Events,138193.0
220,2025-02-13,Parking,19368.0
221,2025-02-14,Rooms,727238.0
222,2025-02-14,Food & Beverage,170226.0
223,2025-02-14,Spa,36294.0
224,2025-02-14,Events,77110.0
225,2025-02-14,Parking,27267.0
226,2025-02-15,Rooms,756524.0
227,2025-02-15,Food & Beverage,230805.0
228,2025-02-15,Spa,29869.0
229,2025-02-15,Events,31193.0
230,2025-02-15,Parking,24829.0
231,2025-02-16,Rooms,567200.0
232,2025-02-16,Food & Beverage,159498.0
233,2025-02-16,Spa,47988.0
234,2025-02-16,Events,58019.0
235,2025-02-16,Parking,17283.0
236,2025-02-17,Rooms,1066623.0
237,2025-02-17,Food & Beverage,286751.0
238,2025-02-17,Spa,83288.0
239,2025-02-17,Events,127995.0
240,2025-02-17,Parking,41705.0
241,2025-02-18,Rooms,595969.0
242,2025-02-18,Food & Beverage,179839.0
243,2025-02-18,Spa,48933.0
244,2025-02-18,Events,27668.0
245,2025-02-18,Parking,21048.0
246,2025-02-19,Rooms,712419.0
247,2025-02-19,Food & Beverage,135548.0
248,2025-02-19,Spa,39385.0
249,2025-02-19,Events,95177.0
250,2025-02-19,Parking,27131.0
251,2025-02-20,Rooms,979845.0
252,2025-02-20,Food & Beverage,278690.0
253,2025-02-20,Spa,69073.0
254,2025-02-20,Events,101279.0
255,2025-02-20,Parking,12692.0
256,2025-02-21,Rooms,686390.0
257,2025-02-21,Food & Beverage,203793.0
258,2025-02-21,Spa,46925.0
259,2025-02-21,Events,85565.0
260,2025-02-21,Parking,20548.0
261,2025-02-22,Rooms,749031.0
262,2025-02-22,Food & Beverage,172081.0
263,2025-02-22,Spa,65923.0
264,2025-02-22,Events,43507.0
265,2025-02-22,Parking,16578.0
266,2025-02-23,Rooms,536402.0
267,2025-02-23,Food & Beverage,164078.0
268,2025-02-23,Spa,46835.0
269,2025-02-23,Events,58521.0
270,2025-02-23,Parking,19214.0
271,2025-02-24,Rooms,850440.0
272,2025-02-24,Food & Beverage,155316.0
273,2025-02-24,Spa,52148.0
274,2025-02-24,Events,100504.0
275,2025-02-24,Parking,30457.0
276,2025-02-25,Rooms,785669.0
277,2025-02-25,Food & Beverage,186957.0
278,2025-02-25,Spa,28009.0
279,2025-02-25,Events,122599.0
280,2025-02-25,Parking,20083.0
281,2025-02-26,Rooms,886962.0
282,2025-02-26,Food & Beverage,268738.0
283,2025-02-26,Spa,45005.0
284,2025-02-26,Events,46368.0
285,2025-02-26,Parking,32258.0
286,2025-02-27,Rooms,693533.0
287,2025-02-27,Food & Beverage,188739.0
288,2025-02-27,Spa,45916.0
289,2025-02-27,Events,76926.0
290,2025-02-27,Parking,15960.0
291,2025-02-28,Rooms,872440.0
292,2025-02-28,Food & Beverage,183611.0
293,2025-02-28,Spa,67657.0
294,2025-02-28,Events,138156.0
295,2025-02-28,Parking,9150.0
296,2025-03-01,Rooms,736797.0
297,2025-03-01,Food & Beverage,163707.0
298,2025-03-01,Spa,25430.0
299,2025-03-01,Events,122529.0
300,2025-03-01,Parking,16136.0
301,2025-03-02,Rooms,429577.0
302,2025-03-02,Food & Beverage,115157.0
303,2025-03-02,Spa,18648.0
304,2025-03-02,Events,38149.0
305,2025-03-02,Parking,14518.0
306,2025-03-03,Rooms,532275.0
307,2025-03-03,Food & Beverage,146345.0
308,2025-03-03,Spa,16500.0
309,2025-03-03,Events,38046.0
310,2025-03-03,Parking,14048.0
311,2025-03-04,Rooms,388164.0
312,2025-03-04,Food & Beverage,87551.0
313,2025-03-04,Spa,15374.0
314,2025-03-04,Events,50065.0
315,2025-03-04,Parking,12395.0
316,2025-03-05,Rooms,379863.0
317,2025-03-05,Food & Beverage,77379.0
318,2025-03-05,Spa,20853.0
319,2025-03-05,Events,18821.0
320,2025-03-05,Parking,11663.0
321,2025-03-06,Rooms,428265.0
322,2025-03-06,Food & Beverage,112129.0
323,2025-03-06,Spa,38013.0
324,2025-03-06,Events,48534.0
325,2025-03-06,Parking,11398.0
326,2025-03-07,Rooms,545105.0
327,2025-03-07,Food & Beverage,140050.0
328,2025-03-07,Spa,18148.0
329,2025-03-07,Events,66495.0
330,2025-03-07,Parking,9490.0
331,2025-03-08,Rooms,345064.0
332,2025-03-08,Food & Beverage,88652.0
333,2025-03-08,Spa,27864.0
334,2025-03-08,Events,30072.0
335,2025-03-08,Parking,9995.0
336,2025-03-09,Rooms,417189.0
337,2025-03-09,Food & Beverage,99299.0
338,2025-03-09,Spa,36620.0
339,2025-03-09,Events,66399.0
340,2025-03-09,Parking,12723.0
341,2025-03-10,Rooms,551474.0
342,2025-03-10,Food & Beverage,102516.0
343,2025-03-10,Spa,30570.0
344,2025-03-10,Events,92505.0
345,2025-03-10,Parking,20028.0
346,2025-03-11,Rooms,416194.0
347,2025-03-11,Food & Beverage,99382.0
348,2025-03-11,Spa,33108.0
349,2025-03-11,Events,47055.0
350,2025-03-11,Parking,15105.0
351,2025-03-12,Rooms,315387.0
352,2025-03-12,Food & Beverage,96278.0
353,2025-03-12,Spa,13141.0
354,2025-03-12,Events,41831.0
355,2025-03-12,Parking,9742.0
356,2025-03-13,Rooms,412447.0
357,2025-03-13,Food & Beverage,127421.0
358,2025-03-13,Spa,25424.0
359,2025-03-13,Events,68083.0
360,2025-03-13,Parking,14333.0
361,2025-03-14,Rooms,416471.0
362,2025-03-14,Food & Beverage,76422.0
363,2025-03-14,Spa,35005.0
364,2025-03-14,Events,17556.0
365,2025-03-14,Parking,6951.0
366,2025-03-15,Rooms,340573.0
367,2025-03-15,Food & Beverage,92906.0
368,2025-03-15,Spa,24736.0
369,2025-03-15,Events,36092.0
370,2025-03-15,Parking,11808.0
371,2025-03-16,Rooms,298317.0
372,2025-03-16,Food & Beverage,88486.0
373,2025-03-16,Spa,25043.0
374,2025-03-16,Events,26073.0
375,2025-03-16,Parking,10637.0
376,2025-03-17,Rooms,486933.0
377,2025-03-17,Food & Beverage,128229.0
378,2025-03-17,Spa,34708.0
379,2025-03-17,Events,17147.0
380,2025-03-17,Parking,17716.0
381,2025-03-18,Rooms,398858.0
382,2025-03-18,Food & Beverage,87185.0
383,2025-03-18,Spa,19283.0
384,2025-03-18,Events,61558.0
385,2025-03-18,Parking,8396.0
386,2025-03-19,Rooms,408657.0
387,2025-03-19,Food & Beverage,93854.0
388,2025-03-19,Spa,17218.0
389,2025-03-19,Events,25766.0
390,2025-03-19,Parking,8365.0
391,2025-03-20,Rooms,448807.0
392,2025-03-20,Food & Beverage,125027.0
393,2025-03-20,Spa,37064.0
394,2025-03-20,Events,53264.0
395,2025-03-20,Parking,7731.0
396,2025-03-21,Rooms,573103.0
397,2025-03-21,Food & Beverage,146562.0
398,2025-03-21,Spa,46678.0
399,2025-03-21,Events,79161.0
400,2025-03-21,Parking,5814.0
401,2025-03-22,Rooms,450104.0
402,2025-03-22,Food & Beverage,83913.0
403,2025-03-22,Spa,18720.0
404,2025-03-22,Events,63878.0
405,2025-03-22,Parking,17037.0
406,2025-03-23,Rooms,279373.0
407,2025-03-23,Food & Beverage,83803.0
408,2025-03-23,Spa,22184.0
409,2025-03-23,Events,17360.0
410,2025-03-23,Parking,4645.0
411,2025-03-24,Rooms,659927.0
412,2025-03-24,Food & Beverage,158603.0
413,2025-03-24,Spa,46289.0
414,2025-03-24,Events,47004.0
415,2025-03-24,Parking,15076.0
416,2025-03-25,Rooms,373567.0
417,2025-03-25,Food & Beverage,81488.0
418,2025-03-25,Spa,30922.0
419,2025-03-25,Events,29965.0
420,2025-03-25,Parking,5756.0
421,2025-03-26,Rooms,507338.0
422,2025-03-26,Food & Beverage,110167.0
423,2025-03-26,Spa,34536.0
424,2025-03-26,Events,42935.0
425,2025-03-26,Parking,9218.0
426,2025-03-27,Rooms,494671.0
427,2025-03-27,Food & Beverage,133234.0
428,2025-03-27,Spa,37459.0
429,2025-03-27,Events,55509.0
430,2025-03-27,Parking,7909.0
431,2025-03-28,Rooms,377085.0
432,2025-03-28,Food & Beverage,116745.0
433,2025-03-28,Spa,29301.0
434,2025-03-28,Events,22709.0
435,2025-03-28,Parking,7689.0
436,2025-03-29,Rooms,346262.0
437,2025-03-29,Food & Beverage,73907.0
438,2025-03-29,Spa,16005.0
439,2025-03-29,Events,34177.0
440,2025-03-29,Parking,9259.0
441,2025-03-30,Rooms,397479.0
442,2025-03-30,Food & Beverage,121930.0
443,2025-03-30,Spa,32893.0
444,2025-03-30,Events,36148.0
445,2025-03-30,Parking,13244.0
446,2025-03-31,Rooms,439823.0
447,2025-03-31,Food & Beverage,140664.0
448,2025-03-31,Spa,34309.0
449,2025-03-31,Events,59584.0
450,2025-03-31,Parking,14681.0
451,2025-04-01,Rooms,612458.0
452,2025-04-01,Food & Beverage,147102.0
453,2025-04-01,Spa,27163.0
454,2025-04-01,Events,48235.0
455,2025-04-01,Parking,17900.0
456,2025-04-02,Rooms,705712.0
457,2025-04-02,Food & Beverage,211197.0
458,2025-04-02,Spa,34817.0
459,2025-04-02,Events,15394.0
460,2025-04-02,Parking,17359.0
461,2025-04-03,Rooms,718214.0
462,2025-04-03,Food & Beverage,203408.0
463,2025-04-03,Spa,59141.0
464,2025-04-03,Events,128312.0
465,2025-04-03,Parking,12257.0
466,2025-04-04,Rooms,564498.0
467,2025-04-04,Food & Beverage,171248.0
468,2025-04-04,Spa,46293.0
469,2025-04-04,Events,100143.0
470,2025-04-04,Parking,20099.0
471,2025-04-05,Rooms,566715.0
472,2025-04-05,Food & Beverage,126364.0
473,2025-04-05,Spa,44588.0
474,2025-04-05,Events,43876.0
475,2025-04-05,Parking,9071.0
476,2025-04-06,Rooms,542496.0
477,2025-04-06,Food & Beverage,130562.0
478,2025-04-06,Spa,31379.0
479,2025-04-06,Events,30564.0
480,2025-04-06,Parking,18524.0
481,2025-04-07,Rooms,692632.0
482,2025-04-07,Food & Beverage,204289.0
483,2025-04-07,Spa,56437.0
484,2025-04-07,Events,45676.0
485,2025-04-07,Parking,20622.0
486,2025-04-08,Rooms,648839.0
487,2025-04-08,Food & Beverage,141188.0
488,2025-04-08,Spa,26977.0
489,2025-04-08,Events,31040.0
490,2025-04-08,Parking,9496.0
491,2025-04-09,Rooms,639008.0
492,2025-04-09,Food & Beverage,197753.0
493,2025-04-09,Spa,23912.0
494,2025-04-09,Events,103308.0
495,2025-04-09,Parking,20607.0
496,2025-04-10,Rooms,566944.0
497,2025-04-10,Food & Beverage,106618.0
498,2025-04-10,Spa,26163.0
499,2025-04-10,Events,24025.0
500,2025-04-10,Parking,20040.0
501,2025-04-11,Rooms,611065.0
502,2025-04-11,Food & Beverage,172905.0
503,2025-04-11,Spa,33819.0
504,2025-04-11,Events,73807.0
505,2025-04-11,Parking,12454.0
506,2025-04-12,Rooms,575763.0
507,2025-04-12,Food & Beverage,110208.0
508,2025-04-12,Spa,38066.0
509,2025-04-12,Events,84381.0
510,2025-04-12,Parking,16730.0
511,2025-04-13,Rooms,567735.0
512,2025-04-13,Food & Beverage,137136.0
513,2025-04-13,Spa,24475.0
514,2025-04-13,Events,35312.0
515,2025-04-13,Parking,18686.0
516,2025-04-14,Rooms,695009.0
517,2025-04-14,Food & Beverage,207007.0
518,2025-04-14,Spa,47163.0
519,2025-04-14,Events,92441.0
520,2025-04-14,Parking,21870.0
521,2025-04-15,Rooms,785816.0
522,2025-04-15,Food & Beverage,154884.0
523,2025-04-15,Spa,40907.0
524,2025-04-15,Events,82856.0
525,2025-04-15,Parking,20521.0
526,2025-04-16,Rooms,851540.0
527,2025-04-16,Food & Beverage,248578.0
528,2025-04-16,Spa,65105.0
529,2025-04-16,Events,90776.0
530,2025-04-16,Parking,10964.0
531,2025-04-17,Rooms,593063.0
532,2025-04-17,Food & Beverage,162874.0
533,2025-04-17,Spa,49038.0
534,2025-04-17,Events,68518.0
535,2025-04-17,Parking,10246.0
536,2025-04-18,Rooms,731183.0
537,2025-04-18,Food & Beverage,182604.0
538,2025-04-18,Spa,39307.0
539,2025-04-18,Events,83369.0
540,2025-04-18,Parking,11369.0
541,2025-04-19,Rooms,723296.0
542,2025-04-19,Food & Beverage,140731.0
543,2025-04-19,Spa,54512.0
544,2025-04-19,Events,81949.0
545,2025-04-19,Parking,20029.0
546,2025-04-20,Rooms,574972.0
547,2025-04-20,Food & Beverage,179608.0
548,2025-04-20,Spa,18641.0
549,2025-04-20,Events,46008.0
550,2025-04-20,Parking,20861.0
551,2025-04-21,Rooms,727818.0
552,2025-04-21,Food & Beverage,178565.0
553,2025-04-21,Spa,31230.0
554,2025-04-21,Events,91745.0
555,2025-04-21,Parking,16455.0
556,2025-04-22,Rooms,429238.0
557,2025-04-22,Food & Beverage,112314.0
558,2025-04-22,Spa,36595.0
559,2025-04-22,Events,70781.0
560,2025-04-22,Parking,6685.0
561,2025-04-23,Rooms,740993.0
562,2025-04-23,Food & Beverage,170777.0
563,2025-04-23,Spa,45033.0
564,2025-04-23,Events,129005.0
565,2025-04-23,Parking,16581.0
566,2025-04-24,Rooms,678298.0
567,2025-04-24,Food & Beverage,153618.0
568,2025-04-24,Spa,42124.0
569,2025-04-24,Events,56466.0
570,2025-04-24,Parking,7843.0
571,2025-04-25,Rooms,594729.0
572,2025-04-25,Food & Beverage,187472.0
573,2025-04-25,Spa,38084.0
574,2025-04-25,Events,82120.0
575,2025-04-25,Parking,18488.0
576,2025-04-26,Rooms,668174.0
577,2025-04-26,Food & Beverage,152770.0
578,2025-04-26,Spa,47490.0
579,2025-04-26,Events,110233.0
580,2025-04-26,Parking,19630.0
581,2025-04-27,Rooms,657160.0
582,2025-04-27,Food & Beverage,131617.0
583,2025-04-27,Spa,43173.0
584,2025-04-27,Events,111777.0
585,2025-04-27,Parking,16350.0
586,2025-04-28,Rooms,463498.0
587,2025-04-28,Food & Beverage,90307.0
588,2025-04-28,Spa,18920.0
589,2025-04-28,Events,15865.0
590,2025-04-28,Parking,15823.0
591,2025-04-29,Rooms,491164.0
592,2025-04-29,Food & Beverage,95335.0
593,2025-04-29,Spa,38279.0
594,2025-04-29,Events,48109.0
595,2025-04-29,Parking,10190.0
596,2025-04-30,Rooms,473765.0
597,2025-04-30,Food & Beverage,96625.0
598,2025-04-30,Spa,38097.0
599,2025-04-30,Events,18523.0
600,2025-04-30,Parking,11055.0
601,2025-05-01,Rooms,669447.0
602,2025-05-01,Food & Beverage,176967.0
603,2025-05-01,Spa,31731.0
604,2025-05-01,Events,113255.0
605,2025-05-01,Parking,19450.0
606,2025-05-02,Rooms,659005.0
607,2025-05-02,Food & Beverage,171765.0
608,2025-05-02,Spa,22670.0
609,2025-05-02,Events,96127.0
610,2025-05-02,Parking,17137.0
611,2025-05-03,Rooms,752864.0
612,2025-05-03,Food & Beverage,235244.0
613,2025-05-03,Spa,52364.0
614,2025-05-03,Events,56636.0
615,2025-05-03,Parking,14959.0
616,2025-05-04,Rooms,477236.0
617,2025-05-04,Food & Beverage,93156.0
618,2025-05-04,Spa,39286.0
619,2025-05-04,Events,16199.0
620,2025-05-04,Parking,17468.0
621,2025-05-05,Rooms,722299.0
622,2025-05-05,Food & Beverage,210433.0
623,2025-05-05,Spa,41594.0
624,2025-05-05,Events,15390.0
625,2025-05-05,Parking,21761.0
626,2025-05-06,Rooms,569503.0
627,2025-05-06,Food & Beverage,179151.0
628,2025-05-06,Spa,21861.0
629,2025-05-06,Events,67243.0
630,2025-05-06,Parking,20569.0
631,2025-05-07,Rooms,651001.0
632,2025-05-07,Food & Beverage,135222.0
633,2025-05-07,Spa,51428.0
634,2025-05-07,Events,56165.0
635,2025-05-07,Parking,15731.0
636,2025-05-08,Rooms,588633.0
637,2025-05-08,Food & Beverage,172910.0
638,2025-05-08,Spa,33026.0
639,2025-05-08,Events,47596.0
640,2025-05-08,Parking,14575.0
641,2025-05-09,Rooms,566080.0
642,2025-05-09,Food & Beverage,169591.0
643,2025-05-09,Spa,45523.0
644,2025-05-09,Events,100752.0
645,2025-05-09,Parking,16441.0
646,2025-05-10,Rooms,653848.0
647,2025-05-10,Food & Beverage,134029.0
648,2025-05-10,Spa,31694.0
649,2025-05-10,Events,71607.0
650,2025-05-10,Parking,23319.0
651,2025-05-11,Rooms,761146.0
652,2025-05-11,Food & Beverage,223822.0
653,2025-05-11,Spa,66900.0
654,2025-05-11,Events,72074.0
655,2025-05-11,Parking,20102.0
656,2025-05-12,Rooms,620144.0
657,2025-05-12,Food & Beverage,145999.0
658,2025-05-12,Spa,44149.0
659,2025-05-12,Events,90114.0
660,2025-05-12,Parking,8220.0
661,2025-05-13,Rooms,595533.0
662,2025-05-13,Food & Beverage,126641.0
663,2025-05-13,Spa,38264.0
664,2025-05-13,Events,15212.0
665,2025-05-13,Parking,17655.0
666,2025-05-14,Rooms,662209.0
667,2025-05-14,Food & Beverage,144178.0
668,2025-05-14,Spa,52328.0
669,2025-05-14,Events,38662.0
670,2025-05-14,Parking,25630.0
671,2025-05-15,Rooms,606339.0
672,2025-05-15,Food & Beverage,188715.0
673,2025-05-15,Spa,26073.0
674,2025-05-15,Events,80789.0
675,2025-05-15,Parking,13806.0
676,2025-05-16,Rooms,590015.0
677,2025-05-16,Food & Beverage,162396.0
678,2025-05-16,Spa,23698.0
679,2025-05-16,Events,62802.0
680,2025-05-16,Parking,15643.0
681,2025-05-17,Rooms,564272.0
682,2025-05-17,Food & Beverage,151153.0
683,2025-05-17,Spa,36358.0
684,2025-05-17,Events,30665.0
685,2025-05-17,Parking,11029.0
686,2025-05-18,Rooms,494111.0
687,2025-05-18,Food & Beverage,104969.0
688,2025-05-18,Spa,23618.0
689,2025-05-18,Events,27380.0
690,2025-05-18,Parking,12929.0
691,2025-05-19,Rooms,681087.0
692,2025-05-19,Food & Beverage,158527.0
693,2025-05-19,Spa,25620.0
694,2025-05-19,Events,78430.0
695,2025-05-19,Parking,14483.0
696,2025-05-20,Rooms,615417.0
697,2025-05-20,Food & Beverage,180922.0
698,2025-05-20,Spa,33064.0
699,2025-05-20,Events,38581.0
700,2025-05-20,Parking,7799.0
701,2025-05-21,Rooms,697347.0
702,2025-05-21,Food & Beverage,158768.0
703,2025-05-21,Spa,49641.0
704,2025-05-21,Events,115556.0
705,2025-05-21,Parking,26936.0
706,2025-05-22,Rooms,688633.0
707,2025-05-22,Food & Beverage,198769.0
708,2025-05-22,Spa,33410.0
709,2025-05-22,Events,67362.0
710,2025-05-22,Parking,12385.0
711,2025-05-23,Rooms,447670.0
712,2025-05-23,Food & Beverage,111707.0
713,2025-05-23,Spa,21160.0
714,2025-05-23,Events,27486.0
715,2025-05-23,Parking,17337.0
716,2025-05-24,Rooms,493716.0
717,2025-05-24,Food & Beverage,91069.0
718,2025-05-24,Spa,26680.0
719,2025-05-24,Events,46768.0
720,2025-05-24,Parking,12136.0
721,2025-05-25,Rooms,602620.0
722,2025-05-25,Food & Beverage,115047.0
723,2025-05-25,Spa,48185.0
724,2025-05-25,Events,29104.0
725,2025-05-25,Parking,14017.0
726,2025-05-26,Rooms,635204.0
727,2025-05-26,Food & Beverage,199854.0
728,2025-05-26,Spa,23545.0
729,2025-05-26,Events,58398.0
730,2025-05-26,Parking,24781.0
731,2025-05-27,Rooms,578865.0
732,2025-05-27,Food & Beverage,110672.0
733,2025-05-27,Spa,47469.0
734,2025-05-27,Events,87179.0
735,2025-05-27,Parking,19877.0
736,2025-05-28,Rooms,564434.0
737,2025-05-28,Food & Beverage,122877.0
738,2025-05-28,Spa,23832.0
739,2025-05-28,Events,76355.0
740,2025-05-28,Parking,8518.0
741,2025-05-29,Rooms,693555.0
742,2025-05-29,Food & Beverage,179484.0
743,2025-05-29,Spa,39440.0
744,2025-05-29,Events,67086.0
745,2025-05-29,Parking,17869.0
746,2025-05-30,Rooms,672578.0
747,2025-05-30,Food & Beverage,214663.0
748,2025-05-30,Spa,47992.0
749,2025-05-30,Events,74542.0
750,2025-05-30,Parking,17699.0
751,2025-05-31,Rooms,544678.0
752,2025-05-31,Food & Beverage,99193.0
753,2025-05-31,Spa,34897.0
754,2025-05-31,Events,29747.0
755,2025-05-31,Parking,20393.0
756,2025-06-01,Rooms,500911.0
757,2025-06-01,Food & Beverage,137957.0
758,2025-06-01,Spa,34682.0
759,2025-06-01,Events,56927.0
760,2025-06-01,Parking,13962.0
761,2025-06-02,Rooms,523313.0
762,2025-06-02,Food & Beverage,135569.0
763,2025-06-02,Spa,27342.0
764,2025-06-02,Events,71508.0
765,2025-06-02,Parking,15537.0
766,2025-06-03,Rooms,662446.0
767,2025-06-03,Food & Beverage,209803.0
768,2025-06-03,Spa,53967.0
769,2025-06-03,Events,39258.0
770,2025-06-03,Parking,11343.0
771,2025-06-04,Rooms,261815.0
772,2025-06-04,Food & Beverage,49540.0
773,2025-06-04,Spa,8866.0
774,2025-06-04,Events,13456.0
775,2025-06-04,Parking,2643.0
776,2025-06-05,Rooms,461035.0
777,2025-06-05,Food & Beverage,147392.0
778,2025-06-05,Spa,33844.0
779,2025-06-05,Events,82115.0
780,2025-06-05,Parking,5650.0
781,2025-06-06,Rooms,376653.0
782,2025-06-06,Food & Beverage,68849.0
783,2025-06-06,Spa,24537.0
784,2025-06-06,Events,39296.0
785,2025-06-06,Parking,5966.0
786,2025-06-07,Rooms,477132.0
787,2025-06-07,Food & Beverage,98956.0
788,2025-06-07,Spa,19588.0
789,2025-06-07,Events,85719.0
790,2025-06-07,Parking,17579.0
791,2025-06-08,Rooms,290786.0
792,2025-06-08,Food & Beverage,88599.0
793,2025-06-08,Spa,24442.0
794,2025-06-08,Events,6809.0
795,2025-06-08,Parking,6195.0
796,2025-06-09,Rooms,411684.0
797,2025-06-09,Food & Beverage,122018.0
798,2025-06-09,Spa,18662.0
799,2025-06-09,Events,61592.0
800,2025-06-09,Parking,12690.0
801,2025-06-10,Rooms,497760.0
802,2025-06-10,Food & Beverage,104216.0
803,2025-06-10,Spa,25373.0
804,2025-06-10,Events,87264.0
805,2025-06-10,Parking,15081.0
806,2025-06-11,Rooms,619327.0
807,2025-06-11,Food & Beverage,113837.0
808,2025-06-11,Spa,49158.0
809,2025-06-11,Events,103082.0
810,2025-06-11,Parking,14202.0
811,2025-06-12,Rooms,420755.0
812,2025-06-12,Food & Beverage,107155.0
813,2025-06-12,Spa,33224.0
814,2025-06-12,Events,34612.0
815,2025-06-12,Parking,7966.0
816,2025-06-13,Rooms,392813.0
817,2025-06-13,Food & Beverage,124884.0
818,2025-06-13,Spa,32141.0
819,2025-06-13,Events,50969.0
820,2025-06-13,Parking,4360.0
821,2025-06-14,Rooms,445952.0
822,2025-06-14,Food & Beverage,84209.0
823,2025-06-14,Spa,34629.0
824,2025-06-14,Events,38751.0
825,2025-06-14,Parking,10533.0
826,2025-06-15,Rooms,458594.0
827,2025-06-15,Food & Beverage,138060.0
828,2025-06-15,Spa,29518.0
829,2025-06-15,Events,18600.0
830,2025-06-15,Parking,11693.0
831,2025-06-16,Rooms,521202.0
832,2025-06-16,Food & Beverage,132432.0
833,2025-06-16,Spa,38118.0
834,2025-06-16,Events,34160.0
835,2025-06-16,Parking,17524.0
836,2025-06-17,Rooms,390457.0
837,2025-06-17,Food & Beverage,113188.0
838,2025-06-17,Spa,16941.0
839,2025-06-17,Events,23725.0
840,2025-06-17,Parking,10189.0
841,2025-06-18,Rooms,678348.0
842,2025-06-18,Food & Beverage,125001.0
843,2025-06-18,Spa,58254.0
844,2025-06-18,Events,90650.0
845,2025-06-18,Parking,24379.0
846,2025-06-19,Rooms,523790.0
847,2025-06-19,Food & Beverage,124519.0
848,2025-06-19,Spa,36820.0
849,2025-06-19,Events,45392.0
850,2025-06-19,Parking,12573.0
851,2025-06-20,Rooms,460789.0
852,2025-06-20,Food & Beverage,91672.0
853,2025-06-20,Spa,15012.0
854,2025-06-20,Events,35782.0
855,2025-06-20,Parking,6925.0
856,2025-06-21,Rooms,512235.0
857,2025-06-21,Food & Beverage,104871.0
858,2025-06-21,Spa,44709.0
859,2025-06-21,Events,78969.0
860,2025-06-21,Parking,15780.0
861,2025-06-22,Rooms,486129.0
862,2025-06-22,Food & Beverage,134047.0
863,2025-06-22,Spa,38212.0
864,2025-06-22,Events,10589.0
865,2025-06-22,Parking,8114.0
866,2025-06-23,Rooms,541765.0
867,2025-06-23,Food & Beverage,103182.0
868,2025-06-23,Spa,41750.0
869,2025-06-23,Events,92161.0
870,2025-06-23,Parking,13029.0
871,2025-06-24,Rooms,558628.0
872,2025-06-24,Food & Beverage,171887.0
873,2025-06-24,Spa,22707.0
874,2025-06-24,Events,33849.0
875,2025-06-24,Parking,8442.0
876,2025-06-25,Rooms,497415.0
877,2025-06-25,Food & Beverage,144595.0
878,2025-06-25,Spa,42803.0
879,2025-06-25,Events,88487.0
880,2025-06-25,Parking,8582.0
881,2025-06-26,Rooms,501941.0
882,2025-06-26,Food & Beverage,130190.0
883,2025-06-26,Spa,35486.0
884,2025-06-26,Events,88782.0
885,2025-06-26,Parking,16726.0
886,2025-06-27,Rooms,441241.0
887,2025-06-27,Food & Beverage,124656.0
888,2025-06-27,Spa,22255.0
889,2025-06-27,Events,76166.0
890,2025-06-27,Parking,9343.0
891,2025-06-28,Rooms,494025.0
892,2025-06-28,Food & Beverage,150418.0
893,2025-06-28,Spa,41117.0
894,2025-06-28,Events,22210.0
895,2025-06-28,Parking,7293.0
896,2025-06-29,Rooms,409270.0
897,2025-06-29,Food & Beverage,109374.0
898,2025-06-29,Spa,24357.0
899,2025-06-29,Events,38610.0
900,2025-06-29,Parking,14663.0
901,2025-06-30,Rooms,532169.0
902,2025-06-30,Food & Beverage,108305.0
903,2025-06-30,Spa,42515.0
904,2025-06-30,Events,77263.0
905,2025-06-30,Parking,17931.0
906,2025-07-01,Rooms,903533.0
907,2025-07-01,Food & Beverage,206785.0
908,2025-07-01,Spa,70909.0
909,2025-07-01,Events,25067.0
910,2025-07-01,Parking,9361.0
911,2025-07-02,Rooms,1368109.0
912,2025-07-02,Food & Beverage,332048.0
913,2025-07-02,Spa,119216.0
914,2025-07-02,Events,221934.0
915,2025-07-02,Parking,42099.0
916,2025-07-03,Rooms,959007.0
917,2025-07-03,Food & Beverage,216734.0
918,2025-07-03,Spa,75214.0
919,2025-07-03,Events,141517.0
920,2025-07-03,Parking,23936.0
921,2025-07-04,Rooms,1101439.0
922,2025-07-04,Food & Beverage,217047.0
923,2025-07-04,Spa,79794.0
924,2025-07-04,Events,92674.0
925,2025-07-04,Parking,23755.0
926,2025-07-05,Rooms,1147290.0
927,2025-07-05,Food & Beverage,281652.0
928,2025-07-05,Spa,35219.0
929,2025-07-05,Events,60780.0
930,2025-07-05,Parking,41991.0
931,2025-07-06,Rooms,1244058.0
932,2025-07-06,Food & Beverage,272135.0
933,2025-07-06,Spa,65323.0
934,2025-07-06,Events,158643.0
935,2025-07-06,Parking,48293.0
936,2025-07-07,Rooms,1215996.0
937,2025-07-07,Food & Beverage,266968.0
938,2025-07-07,Spa,100772.0
939,2025-07-07,Events,79102.0
940,2025-07-07,Parking,44699.0
941,2025-07-08,Rooms,1040293.0
942,2025-07-08,Food & Beverage,273334.0
943,2025-07-08,Spa,67639.0
944,2025-07-08,Events,96102.0
945,2025-07-08,Parking,24496.0
946,2025-07-09,Rooms,1152524.0
947,2025-07-09,Food & Beverage,280060.0
948,2025-07-09,Spa,39981.0
949,2025-07-09,Events,25049.0
950,2025-07-09,Parking,17482.0
951,2025-07-10,Rooms,1155632.0
952,2025-07-10,Food & Beverage,340512.0
953,2025-07-10,Spa,57261.0
954,2025-07-10,Events,143435.0
955,2025-07-10,Parking,18689.0
956,2025-07-11,Rooms,1167044.0
957,2025-07-11,Food & Beverage,241687.0
958,2025-07-11,Spa,62413.0
959,2025-07-11,Events,66713.0
960,2025-07-11,Parking,41820.0
961,2025-07-12,Rooms,1071394.0
962,2025-07-12,Food & Beverage,259507.0
963,2025-07-12,Spa,91499.0
964,2025-07-12,Events,39869.0
965,2025-07-12,Parking,41504.0
966,2025-07-13,Rooms,1039583.0
967,2025-07-13,Food & Beverage,280218.0
968,2025-07-13,Spa,33009.0
969,2025-07-13,Events,48669.0
970,2025-07-13,Parking,11238.0
971,2025-07-14,Rooms,1043304.0
972,2025-07-14,Food & Beverage,191957.0
973,2025-07-14,Spa,79839.0
974,2025-07-14,Events,108319.0
975,2025-07-14,Parking,20822.0
976,2025-07-15,Rooms,918758.0
977,2025-07-15,Food & Beverage,245647.0
978,2025-07-15,Spa,55002.0
979,2025-07-15,Events,133222.0
980,2025-07-15,Parking,32605.0
981,2025-07-16,Rooms,1005291.0
982,2025-07-16,Food & Beverage,234253.0
983,2025-07-16,Spa,50156.0
984,2025-07-16,Events,47895.0
985,2025-07-16,Parking,15476.0
986,2025-07-17,Rooms,1229851.0
987,2025-07-17,Food & Beverage,364983.0
988,2025-07-17,Spa,103648.0
989,2025-07-17,Events,140299.0
990,2025-07-17,Parking,38573.0
991,2025-07-18,Rooms,937817.0
992,2025-07-18,Food & Beverage,221353.0
993,2025-07-18,Spa,65441.0
994,2025-07-18,Events,144005.0
995,2025-07-18,Parking,21798.0
996,2025-07-19,Rooms,1327343.0
997,2025-07-19,Food & Beverage,417153.0
998,2025-07-19,Spa,82058.0
999,2025-07-19,Events,201369.0
1000,2025-07-19,Parking,49897.0
1001,2025-07-20,Rooms,1008444.0
1002,2025-07-20,Food & Beverage,233867.0
1003,2025-07-20,Spa,82521.0
1004,2025-07-20,Events,160617.0
1005,2025-07-20,Parking,37914.0
1006,2025-07-21,Rooms,1047303.0
1007,2025-07-21,Food & Beverage,227676.0
1008,2025-07-21,Spa,42553.0
1009,2025-07-21,Events,154045.0
1010,2025-07-21,Parking,24797.0
1011,2025-07-22,Rooms,962387.0
1012,2025-07-22,Food & Beverage,216151.0
1013,2025-07-22,Spa,68299.0
1014,2025-07-22,Events,42804.0
1015,2025-07-22,Parking,33590.0
1016,2025-07-23,Rooms,1107893.0
1017,2025-07-23,Food & Beverage,199868.0
1018,2025-07-23,Spa,77721.0
1019,2025-07-23,Events,75124.0
1020,2025-07-23,Parking,23807.0
1021,2025-07-24,Rooms,1128966.0
1022,2025-07-24,Food & Beverage,291569.0
1023,2025-07-24,Spa,86653.0
1024,2025-07-24,Events,27892.0
1025,2025-07-24,Parking,18380.0
1026,2025-07-25,Rooms,865041.0
1027,2025-07-25,Food & Beverage,211526.0
1028,2025-07-25,Spa,71135.0
1029,2025-07-25,Events,88193.0
1030,2025-07-25,Parking,19691.0
1031,2025-07-26,Rooms,869328.0
1032,2025-07-26,Food & Beverage,197072.0
1033,2025-07-26,Spa,69750.0
1034,2025-07-26,Events,87087.0
1035,2025-07-26,Parking,11826.0
1036,2025-07-27,Rooms,1052400.0
1037,2025-07-27,Food & Beverage,242794.0
1038,2025-07-27,Spa,57229.0
1039,2025-07-27,Events,54787.0
1040,2025-07-27,Parking,37511.0
1041,2025-07-28,Rooms,871819.0
1042,2025-07-28,Food & Beverage,200701.0
1043,2025-07-28,Spa,29087.0
1044,2025-07-28,Events,27115.0
1045,2025-07-28,Parking,33576.0
1046,2025-07-29,Rooms,1414014.0
1047,2025-07-29,Food & Beverage,304825.0
1048,2025-07-29,Spa,50805.0
1049,2025-07-29,Events,33859.0
1050,2025-07-29,Parking,53202.0
1051,2025-07-30,Rooms,892119.0
1052,2025-07-30,Food & Beverage,253929.0
1053,2025-07-30,Spa,54713.0
1054,2025-07-30,Events,51177.0
1055,2025-07-30,Parking,31429.0
1056,2025-07-31,Rooms,1099828.0
1057,2025-07-31,Food & Beverage,337973.0
1058,2025-07-31,Spa,52825.0
1059,2025-07-31,Events,24457.0
1060,2025-07-31,Parking,35395.0
1061,2025-08-01,Rooms,1291468.0
1062,2025-08-01,Food & Beverage,272436.0
1063,2025-08-01,Spa,65216.0
1064,2025-08-01,Events,155513.0
1065,2025-08-01,Parking,39971.0
1066,2025-08-02,Rooms,1061472.0
1067,2025-08-02,Food & Beverage,328082.0
1068,2025-08-02,Spa,78482.0
1069,2025-08-02,Events,50719.0
1070,2025-08-02,Parking,38639.0
1071,2025-08-03,Rooms,1205094.0
1072,2025-08-03,Food & Beverage,323984.0
1073,2025-08-03,Spa,99719.0
1074,2025-08-03,Events,55862.0
1075,2025-08-03,Parking,20498.0
1076,2025-08-04,Rooms,885874.0
1077,2025-08-04,Food & Beverage,174945.0
1078,2025-08-04,Spa,33134.0
1079,2025-08-04,Events,32943.0
1080,2025-08-04,Parking,23350.0
1081,2025-08-05,Rooms,1106625.0
1082,2025-08-05,Food & Beverage,270512.0
1083,2025-08-05,Spa,67384.0
1084,2025-08-05,Events,170817.0
1085,2025-08-05,Parking,11364.0
1086,2025-08-06,Rooms,948983.0
1087,2025-08-06,Food & Beverage,175033.0
1088,2025-08-06,Spa,42680.0
1089,2025-08-06,Events,127611.0
1090,2025-08-06,Parking,20536.0
1091,2025-08-07,Rooms,1091501.0
1092,2025-08-07,Food & Beverage,316603.0
1093,2025-08-07,Spa,57734.0
1094,2025-08-07,Events,154750.0
1095,2025-08-07,Parking,11948.0
1096,2025-08-08,Rooms,1073837.0
1097,2025-08-08,Food & Beverage,300955.0
1098,2025-08-08,Spa,45745.0
1099,2025-08-08,Events,84245.0
1100,2025-08-08,Parking,37077.0
1101,2025-08-09,Rooms,1156969.0
1102,2025-08-09,Food & Beverage,287845.0
1103,2025-08-09,Spa,99676.0
1104,2025-08-09,Events,48078.0
1105,2025-08-09,Parking,42473.0
1106,2025-08-10,Rooms,1079240.0
1107,2025-08-10,Food & Beverage,333368.0
1108,2025-08-10,Spa,49614.0
1109,2025-08-10,Events,174820.0
1110,2025-08-10,Parking,36340.0
1111,2025-08-11,Rooms,1009344.0
1112,2025-08-11,Food & Beverage,214111.0
1113,2025-08-11,Spa,70594.0
1114,2025-08-11,Events,181013.0
1115,2025-08-11,Parking,14550.0
1116,2025-08-12,Rooms,979915.0
1117,2025-08-12,Food & Beverage,266300.0
1118,2025-08-12,Spa,63075.0
1119,2025-08-12,Events,72004.0
1120,2025-08-12,Parking,15449.0
1121,2025-08-13,Rooms,1146078.0
1122,2025-08-13,Food & Beverage,335131.0
1123,2025-08-13,Spa,61116.0
1124,2025-08-13,Events,99223.0
1125,2025-08-13,Parking,35314.0
1126,2025-08-14,Rooms,1075552.0
1127,2025-08-14,Food & Beverage,269241.0
1128,2025-08-14,Spa,39241.0
1129,2025-08-14,Events,32319.0
1130,2025-08-14,Parking,11309.0
1131,2025-08-15,Rooms,649206.0
1132,2025-08-15,Food & Beverage,169729.0
1133,2025-08-15,Spa,38607.0
1134,2025-08-15,Events,65565.0
1135,2025-08-15,Parking,8086.0
1136,2025-08-16,Rooms,1159970.0
1137,2025-08-16,Food & Beverage,285652.0
1138,2025-08-16,Spa,69968.0
1139,2025-08-16,Events,144815.0
1140,2025-08-16,Parking,23931.0
1141,2025-08-17,Rooms,1156223.0
1142,2025-08-17,Food & Beverage,344603.0
1143,2025-08-17,Spa,92336.0
1144,2025-08-17,Events,48489.0
1145,2025-08-17,Parking,23761.0
1146,2025-08-18,Rooms,971461.0
1147,2025-08-18,Food & Beverage,208441.0
1148,2025-08-18,Spa,63794.0
1149,2025-08-18,Events,174826.0
1150,2025-08-18,Parking,30415.0
1151,2025-08-19,Rooms,1041036.0
1152,2025-08-19,Food & Beverage,279991.0
1153,2025-08-19,Spa,48756.0
1154,2025-08-19,Events,121387.0
1155,2025-08-19,Parking,29002.0
1156,2025-08-20,Rooms,938076.0
1157,2025-08-20,Food & Beverage,185549.0
1158,2025-08-20,Spa,58853.0
1159,2025-08-20,Events,26684.0
1160,2025-08-20,Parking,21392.0
1161,2025-08-21,Rooms,1089140.0
1162,2025-08-21,Food & Beverage,271194.0
1163,2025-08-21,Spa,49105.0
1164,2025-08-21,Events,92280.0
1165,2025-08-21,Parking,32445.0
1166,2025-08-22,Rooms,907731.0
1167,2025-08-22,Food & Beverage,250258.0
1168,2025-08-22,Spa,71351.0
1169,2025-08-22,Events,91657.0
1170,2025-08-22,Parking,16576.0
1171,2025-08-23,Rooms,816296.0
1172,2025-08-23,Food & Beverage,217065.0
1173,2025-08-23,Spa,45685.0
1174,2025-08-23,Events,127566.0
1175,2025-08-23,Parking,10811.0
1176,2025-08-24,Rooms,997324.0
1177,2025-08-24,Food & Beverage,205590.0
1178,2025-08-24,Spa,87476.0
1179,2025-08-24,Events,135514.0
1180,2025-08-24,Parking,15105.0
1181,2025-08-25,Rooms,968018.0
1182,2025-08-25,Food & Beverage,239401.0
1183,2025-08-25,Spa,83023.0
1184,2025-08-25,Events,39431.0
1185,2025-08-25,Parking,25076.0
1186,2025-08-26,Rooms,919961.0
1187,2025-08-26,Food & Beverage,242060.0
1188,2025-08-26,Spa,68921.0
1189,2025-08-26,Events,131879.0
1190,2025-08-26,Parking,17168.0
1191,2025-08-27,Rooms,1015153.0
1192,2025-08-27,Food & Beverage,188170.0
1193,2025-08-27,Spa,81775.0
1194,2025-08-27,Events,150648.0
1195,2025-08-27,Parking,39644.0
1196,2025-08-28,Rooms,1201913.0
1197,2025-08-28,Food & Beverage,220366.0
1198,2025-08-28,Spa,96982.0
1199,2025-08-28,Events,52172.0
1200,2025-08-28,Parking,41148.0
1201,2025-08-29,Rooms,1141572.0
1202,2025-08-29,Food & Beverage,277847.0
1203,2025-08-29,Spa,40976.0
1204,2025-08-29,Events,191571.0
1205,2025-08-29,Parking,15152.0
1206,2025-08-30,Rooms,1055707.0
1207,2025-08-30,Food & Beverage,320138.0
1208,2025-08-30,Spa,44277.0
1209,2025-08-30,Events,138675.0
1210,2025-08-30,Parking,16582.0
1211,2025-08-31,Rooms,883980.0
1212,2025-08-31,Food & Beverage,211401.0
1213,2025-08-31,Spa,58447.0
1214,2025-08-31,Events,157214.0
1215,2025-08-31,Parking,14153.0
1216,2025-09-01,Rooms,403057.0
1217,2025-09-01,Food & Beverage,113625.0
1218,2025-09-01,Spa,14757.0
1219,2025-09-01,Events,30702.0
1220,2025-09-01,Parking,13352.0
1221,2025-09-02,Rooms,745834.0
1222,2025-09-02,Food & Beverage,225934.0
1223,2025-09-02,Spa,44040.0
1224,2025-09-02,Events,46201.0
1225,2025-09-02,Parking,23208.0
1226,2025-09-03,Rooms,567031.0
1227,2025-09-03,Food & Beverage,171365.0
1228,2025-09-03,Spa,47290.0
1229,2025-09-03,Events,101862.0
1230,2025-09-03,Parking,12960.0
1231,2025-09-04,Rooms,527697.0
1232,2025-09-04,Food & Beverage,98774.0
1233,2025-09-04,Spa,20596.0
1234,2025-09-04,Events,45891.0
1235,2025-09-04,Parking,15296.0
1236,2025-09-05,Rooms,580570.0
1237,2025-09-05,Food & Beverage,119178.0
1238,2025-09-05,Spa,40788.0
1239,2025-09-05,Events,55441.0
1240,2025-09-05,Parking,9435.0
1241,2025-09-06,Rooms,535798.0
1242,2025-09-06,Food & Beverage,149199.0
1243,2025-09-06,Spa,26183.0
1244,2025-09-06,Events,75714.0
1245,2025-09-06,Parking,18210.0
1246,2025-09-07,Rooms,478358.0
1247,2025-09-07,Food & Beverage,120136.0
1248,2025-09-07,Spa,42074.0
1249,2025-09-07,Events,15095.0
1250,2025-09-07,Parking,13683.0
1251,2025-09-08,Rooms,414647.0
1252,2025-09-08,Food & Beverage,122585.0
1253,2025-09-08,Spa,17563.0
1254,2025-09-08,Events,54763.0
1255,2025-09-08,Parking,6463.0
1256,2025-09-09,Rooms,365458.0
1257,2025-09-09,Food & Beverage,89772.0
1258,2025-09-09,Spa,31048.0
1259,2025-09-09,Events,51846.0
1260,2025-09-09,Parking,3836.0
1261,2025-09-10,Rooms,505702.0
1262,2025-09-10,Food & Beverage,149166.0
1263,2025-09-10,Spa,30063.0
1264,2025-09-10,Events,38900.0
1265,2025-09-10,Parking,9704.0
1266,2025-09-11,Rooms,640470.0
1267,2025-09-11,Food & Beverage,124985.0
1268,2025-09-11,Spa,21210.0
1269,2025-09-11,Events,62024.0
1270,2025-09-11,Parking,8593.0
1271,2025-09-12,Rooms,582856.0
1272,2025-09-12,Food & Beverage,178963.0
1273,2025-09-12,Spa,42641.0
1274,2025-09-12,Events,36727.0
1275,2025-09-12,Parking,8327.0
1276,2025-09-13,Rooms,250748.0
1277,2025-09-13,Food & Beverage,68181.0
1278,2025-09-13,Spa,8592.0
1279,2025-09-13,Events,18027.0
1280,2025-09-13,Parking,8259.0
1281,2025-09-14,Rooms,291198.0
1282,2025-09-14,Food & Beverage,80880.0
1283,2025-09-14,Spa,20879.0
1284,2025-09-14,Events,32674.0
1285,2025-09-14,Parking,8596.0
1286,2025-09-15,Rooms,487022.0
1287,2025-09-15,Food & Beverage,112080.0
1288,2025-09-15,Spa,27985.0
1289,2025-09-15,Events,28957.0
1290,2025-09-15,Parking,13064.0
1291,2025-09-16,Rooms,555455.0
1292,2025-09-16,Food & Beverage,157057.0
1293,2025-09-16,Spa,43764.0
1294,2025-09-16,Events,65189.0
1295,2025-09-16,Parking,20462.0
1296,2025-09-17,Rooms,436700.0
1297,2025-09-17,Food & Beverage,86639.0
1298,2025-09-17,Spa,17751.0
1299,2025-09-17,Events,61771.0
1300,2025-09-17,Parking,8917.0
1301,2025-09-18,Rooms,381296.0
1302,2025-09-18,Food & Beverage,76878.0
1303,2025-09-18,Spa,18737.0
1304,2025-09-18,Events,25850.0
1305,2025-09-18,Parking,14456.0
1306,2025-09-19,Rooms,468000.0
1307,2025-09-19,Food & Beverage,112239.0
1308,2025-09-19,Spa,24225.0
1309,2025-09-19,Events,78688.0
1310,2025-09-19,Parking,6476.0
1311,2025-09-20,Rooms,373723.0
1312,2025-09-20,Food & Beverage,100963.0
1313,2025-09-20,Spa,31084.0
1314,2025-09-20,Events,41007.0
1315,2025-09-20,Parking,8722.0
1316,2025-09-21,Rooms,584771.0
1317,2025-09-21,Food & Beverage,174877.0
1318,2025-09-21,Spa,28027.0
1319,2025-09-21,Events,87872.0
1320,2025-09-21,Parking,22856.0
1321,2025-09-22,Rooms,476778.0
1322,2025-09-22,Food & Beverage,98779.0
1323,2025-09-22,Spa,36628.0
1324,2025-09-22,Events,9737.0
1325,2025-09-22,Parking,10969.0
1326,2025-09-23,Rooms,425771.0
1327,2025-09-23,Food & Beverage,135857.0
1328,2025-09-23,Spa,25103.0
1329,2025-09-23,Events,23663.0
1330,2025-09-23,Parking,13651.0
1331,2025-09-24,Rooms,382393.0
1332,2025-09-24,Food & Beverage,89514.0
1333,2025-09-24,Spa,16949.0
1334,2025-09-24,Events,58284.0
1335,2025-09-24,Parking,14247.0
1336,2025-09-25,Rooms,286922.0
1337,2025-09-25,Food & Beverage,65394.0
1338,2025-09-25,Spa,23199.0
1339,2025-09-25,Events,9968.0
1340,2025-09-25,Parking,11072.0
1341,2025-09-26,Rooms,564563.0
1342,2025-09-26,Food & Beverage,173767.0
1343,2025-09-26,Spa,27608.0
1344,2025-09-26,Events,98159.0
1345,2025-09-26,Parking,18565.0
1346,2025-09-27,Rooms,420834.0
1347,2025-09-27,Food & Beverage,90192.0
1348,2025-09-27,Spa,19803.0
1349,2025-09-27,Events,47488.0
1350,2025-09-27,Parking,10513.0
1351,2025-09-28,Rooms,407621.0
1352,2025-09-28,Food & Beverage,93485.0
1353,2025-09-28,Spa,30382.0
1354,2025-09-28,Events,35899.0
1355,2025-09-28,Parking,13046.0
1356,2025-09-29,Rooms,385719.0
1357,2025-09-29,Food & Beverage,76195.0
1358,2025-09-29,Spa,29979.0
1359,2025-09-29,Events,31087.0
1360,2025-09-29,Parking,6287.0
1361,2025-09-30,Rooms,491233.0
1362,2025-09-30,Food & Beverage,147144.0
1363,2025-09-30,Spa,27885.0
1364,2025-09-30,Events,38342.0
1365,2025-09-30,Parking,10231.0
1366,2025-10-01,Rooms,652198.0
1367,2025-10-01,Food & Beverage,130050.0
1368,2025-10-01,Spa,48380.0
1369,2025-10-01,Events,68612.0
1370,2025-10-01,Parking,19387.0
1371,2025-10-02,Rooms,808641.0
1372,2025-10-02,Food & Beverage,229038.0
1373,2025-10-02,Spa,47627.0
1374,2025-10-02,Events,48624.0
1375,2025-10-02,Parking,11242.0
1376,2025-10-03,Rooms,512729.0
1377,2025-10-03,Food & Beverage,107725.0
1378,2025-10-03,Spa,18024.0
1379,2025-10-03,Events,33531.0
1380,2025-10-03,Parking,7206.0
1381,2025-10-04,Rooms,488425.0
1382,2025-10-04,Food & Beverage,99566.0
1383,2025-10-04,Spa,26017.0
1384,2025-10-04,Events,85835.0
1385,2025-10-04,Parking,18083.0
1386,2025-10-05,Rooms,587387.0
1387,2025-10-05,Food & Beverage,156955.0
1388,2025-10-05,Spa,37381.0
1389,2025-10-05,Events,47727.0
1390,2025-10-05,Parking,11828.0
1391,2025-10-06,Rooms,736334.0
1392,2025-10-06,Food & Beverage,143871.0
1393,2025-10-06,Spa,52922.0
1394,2025-10-06,Events,115717.0
1395,2025-10-06,Parking,17933.0
1396,2025-10-07,Rooms,517146.0
1397,2025-10-07,Food & Beverage,116791.0
1398,2025-10-07,Spa,33732.0
1399,2025-10-07,Events,25783.0
1400,2025-10-07,Parking,11036.0
1401,2025-10-08,Rooms,863974.0
1402,2025-10-08,Food & Beverage,175031.0
1403,2025-10-08,Spa,57995.0
1404,2025-10-08,Events,148842.0
1405,2025-10-08,Parking,13396.0
1406,2025-10-09,Rooms,663470.0
1407,2025-10-09,Food & Beverage,142285.0
1408,2025-10-09,Spa,26169.0
1409,2025-10-09,Events,26131.0
1410,2025-10-09,Parking,14846.0
1411,2025-10-10,Rooms,497761.0
1412,2025-10-10,Food & Beverage,114782.0
1413,2025-10-10,Spa,19901.0
1414,2025-10-10,Events,73075.0
1415,2025-10-10,Parking,10124.0
1416,2025-10-11,Rooms,846653.0
1417,2025-10-11,Food & Beverage,219123.0
1418,2025-10-11,Spa,32669.0
1419,2025-10-11,Events,20648.0
1420,2025-10-11,Parking,20721.0
1421,2025-10-12,Rooms,632418.0
1422,2025-10-12,Food & Beverage,142399.0
1423,2025-10-12,Spa,47164.0
1424,2025-10-12,Events,29746.0
1425,2025-10-12,Parking,12320.0
1426,2025-10-13,Rooms,726973.0
1427,2025-10-13,Food & Beverage,162034.0
1428,2025-10-13,Spa,56446.0
1429,2025-10-13,Events,115297.0
1430,2025-10-13,Parking,16594.0
1431,2025-10-14,Rooms,689954.0
1432,2025-10-14,Food & Beverage,165355.0
1433,2025-10-14,Spa,33557.0
1434,2025-10-14,Events,27336.0
1435,2025-10-14,Parking,10532.0
1436,2025-10-15,Rooms,689985.0
1437,2025-10-15,Food & Beverage,167416.0
1438,2025-10-15,Spa,32701.0
1439,2025-10-15,Events,43102.0
1440,2025-10-15,Parking,7290.0
1441,2025-10-16,Rooms,566514.0
1442,2025-10-16,Food & Beverage,152742.0
1443,2025-10-16,Spa,17091.0
1444,2025-10-16,Events,39650.0
1445,2025-10-16,Parking,12022.0
1446,2025-10-17,Rooms,613502.0
1447,2025-10-17,Food & Beverage,139942.0
1448,2025-10-17,Spa,33911.0
1449,2025-10-17,Events,73573.0
1450,2025-10-17,Parking,13014.0
1451,2025-10-18,Rooms,554612.0
1452,2025-10-18,Food & Beverage,135093.0
1453,2025-10-18,Spa,42984.0
1454,2025-10-18,Events,37638.0
1455,2025-10-18,Parking,15525.0
1456,2025-10-19,Rooms,527957.0
1457,2025-10-19,Food & Beverage,138210.0
1458,2025-10-19,Spa,33072.0
1459,2025-10-19,Events,38520.0
1460,2025-10-19,Parking,6363.0
1461,2025-10-20,Rooms,499314.0
1462,2025-10-20,Food & Beverage,138090.0
1463,2025-10-20,Spa,43569.0
1464,2025-10-20,Events,48378.0
1465,2025-10-20,Parking,11183.0
1466,2025-10-21,Rooms,784593.0
1467,2025-10-21,Food & Beverage,170488.0
1468,2025-10-21,Spa,36054.0
1469,2025-10-21,Events,75906.0
1470,2025-10-21,Parking,19711.0
1471,2025-10-22,Rooms,714237.0
1472,2025-10-22,Food & Beverage,158971.0
1473,2025-10-22,Spa,35506.0
1474,2025-10-22,Events,67769.0
1475,2025-10-22,Parking,17574.0
1476,2025-10-23,Rooms,599519.0
1477,2025-10-23,Food & Beverage,158684.0
1478,2025-10-23,Spa,22001.0
1479,2025-10-23,Events,103050.0
1480,2025-10-23,Parking,12645.0
1481,2025-10-24,Rooms,758978.0
1482,2025-10-24,Food & Beverage,186071.0
1483,2025-10-24,Spa,23825.0
1484,2025-10-24,Events,54982.0
1485,2025-10-24,Parking,23984.0
1486,2025-10-25,Rooms,646646.0
1487,2025-10-25,Food & Beverage,199377.0
1488,2025-10-25,Spa,52525.0
1489,2025-10-25,Events,91771.0
1490,2025-10-25,Parking,13273.0
1491,2025-10-26,Rooms,634908.0
1492,2025-10-26,Food & Beverage,154023.0
1493,2025-10-26,Spa,44300.0
1494,2025-10-26,Events,35308.0
1495,2025-10-26,Parking,18180.0
1496,2025-10-27,Rooms,620047.0
1497,2025-10-27,Food & Beverage,181764.0
1498,2025-10-27,Spa,28777.0
1499,2025-10-27,Events,61526.0
1500,2025-10-27,Parking,10927.0
1501,2025-10-28,Rooms,910136.0
1502,2025-10-28,Food & Beverage,242634.0
1503,2025-10-28,Spa,51067.0
1504,2025-10-28,Events,109320.0
1505,2025-10-28,Parking,14186.0
1506,2025-10-29,Rooms,623241.0
1507,2025-10-29,Food & Beverage,158639.0
1508,2025-10-29,Spa,45233.0
1509,2025-10-29,Events,66351.0
1510,2025-10-29,Parking,6554.0
1511,2025-10-30,Rooms,722342.0
1512,2025-10-30,Food & Beverage,188378.0
1513,2025-10-30,Spa,33703.0
1514,2025-10-30,Events,72041.0
1515,2025-10-30,Parking,7748.0
1516,2025-10-31,Rooms,504936.0
1517,2025-10-31,Food & Beverage,139727.0
1518,2025-10-31,Spa,16027.0
1519,2025-10-31,Events,63674.0
1520,2025-10-31,Parking,7411.0
1521,2025-11-01,Rooms,628059.0
1522,2025-11-01,Food & Beverage,174930.0
1523,2025-11-01,Spa,44638.0
1524,2025-11-01,Events,79401.0
1525,2025-11-01,Parking,14114.0
1526,2025-11-02,Rooms,285159.0
1527,2025-11-02,Food & Beverage,57869.0
1528,2025-11-02,Spa,10991.0
1529,2025-11-02,Events,13570.0
1530,2025-11-02,Parking,3843.0
1531,2025-11-03,Rooms,457647.0
1532,2025-11-03,Food & Beverage,86147.0
1533,2025-11-03,Spa,19095.0
1534,2025-11-03,Events,67675.0
1535,2025-11-03,Parking,8719.0
1536,2025-11-04,Rooms,377129.0
1537,2025-11-04,Food & Beverage,110769.0
1538,2025-11-04,Spa,26058.0
1539,2025-11-04,Events,7600.0
1540,2025-11-04,Parking,8480.0
1541,2025-11-05,Rooms,563423.0
1542,2025-11-05,Food & Beverage,101575.0
1543,2025-11-05,Spa,49389.0
1544,2025-11-05,Events,44132.0
1545,2025-11-05,Parking,13205.0
1546,2025-11-06,Rooms,405828.0
1547,2025-11-06,Food & Beverage,106088.0
1548,2025-11-06,Spa,28504.0
1549,2025-11-06,Events,58970.0
1550,2025-11-06,Parking,4449.0
1551,2025-11-07,Rooms,418292.0
1552,2025-11-07,Food & Beverage,118046.0
1553,2025-11-07,Spa,24796.0
1554,2025-11-07,Events,41083.0
1555,2025-11-07,Parking,15384.0
1556,2025-11-08,Rooms,562234.0
1557,2025-11-08,Food & Beverage,110117.0
1558,2025-11-08,Spa,20192.0
1559,2025-11-08,Events,14765.0
1560,2025-11-08,Parking,17401.0
1561,2025-11-09,Rooms,516492.0
1562,2025-11-09,Food & Beverage,120708.0
1563,2025-11-09,Spa,45994.0
1564,2025-11-09,Events,71321.0
1565,2025-11-09,Parking,12159.0
1566,2025-11-10,Rooms,534602.0
1567,2025-11-10,Food & Beverage,115045.0
1568,2025-11-10,Spa,40402.0
1569,2025-11-10,Events,80695.0
1570,2025-11-10,Parking,11076.0
1571,2025-11-11,Rooms,382798.0
1572,2025-11-11,Food & Beverage,85087.0
1573,2025-11-11,Spa,28396.0
1574,2025-11-11,Events,65211.0
1575,2025-11-11,Parking,9063.0
1576,2025-11-12,Rooms,517823.0
1577,2025-11-12,Food & Beverage,127957.0
1578,2025-11-12,Spa,30196.0
1579,2025-11-12,Events,23883.0
1580,2025-11-12,Parking,17980.0
1581,2025-11-13,Rooms,413024.0
1582,2025-11-13,Food & Beverage,94597.0
1583,2025-11-13,Spa,18917.0
1584,2025-11-13,Events,38786.0
1585,2025-11-13,Parking,6649.0
1586,2025-11-14,Rooms,564744.0
1587,2025-11-14,Food & Beverage,101863.0
1588,2025-11-14,Spa,37658.0
1589,2025-11-14,Events,52236.0
1590,2025-11-14,Parking,16999.0
1591,2025-11-15,Rooms,386096.0
1592,2025-11-15,Food & Beverage,118064.0
1593,2025-11-15,Spa,17433.0
1594,2025-11-15,Events,54357.0
1595,2025-11-15,Parking,4749.0
1596,2025-11-16,Rooms,363256.0
1597,2025-11-16,Food & Beverage,83299.0
1598,2025-11-16,Spa,12608.0
1599,2025-11-16,Events,62706.0
1600,2025-11-16,Parking,9855.0
1601,2025-11-17,Rooms,452726.0
1602,2025-11-17,Food & Beverage,103387.0
1603,2025-11-17,Spa,27968.0
1604,2025-11-17,Events,66778.0
1605,2025-11-17,Parking,17602.0
1606,2025-11-18,Rooms,380131.0
1607,2025-11-18,Food & Beverage,101932.0
1608,2025-11-18,Spa,20154.0
1609,2025-11-18,Events,61033.0
1610,2025-11-18,Parking,11849.0
1611,2025-11-19,Rooms,454489.0
1612,2025-11-19,Food & Beverage,138977.0
1613,2025-11-19,Spa,38354.0
1614,2025-11-19,Events,18200.0
1615,2025-11-19,Parking,16489.0
1616,2025-11-20,Rooms,529827.0
1617,2025-11-20,Food & Beverage,100172.0
1618,2025-11-20,Spa,23197.0
1619,2025-11-20,Events,57060.0
1620,2025-11-20,Parking,18905.0
1621,2025-11-21,Rooms,290009.0
1622,2025-11-21,Food & Beverage,71636.0
1623,2025-11-21,Spa,10408.0
1624,2025-11-21,Events,20821.0
1625,2025-11-21,Parking,7927.0
1626,2025-11-22,Rooms,542435.0
1627,2025-11-22,Food & Beverage,161913.0
1628,2025-11-22,Spa,36042.0
1629,2025-11-22,Events,14833.0
1630,2025-11-22,Parking,17814.0
1631,2025-11-23,Rooms,407812.0
1632,2025-11-23,Food & Beverage,128950.0
1633,2025-11-23,Spa,17739.0
1634,2025-11-23,Events,21849.0
1635,2025-11-23,Parking,5364.0
1636,2025-11-24,Rooms,521079.0
1637,2025-11-24,Food & Beverage,123842.0
1638,2025-11-24,Spa,20658.0
1639,2025-11-24,Events,20180.0
1640,2025-11-24,Parking,14197.0
1641,2025-11-25,Rooms,377395.0
1642,2025-11-25,Food & Beverage,82959.0
1643,2025-11-25,Spa,30291.0
1644,2025-11-25,Events,21457.0
1645,2025-11-25,Parking,12360.0
1646,2025-11-26,Rooms,559330.0
1647,2025-11-26,Food & Beverage,114568.0
1648,2025-11-26,Spa,27214.0
1649,2025-11-26,Events,83108.0
1650,2025-11-26,Parking,5643.0
1651,2025-11-27,Rooms,340856.0
1652,2025-11-27,Food & Beverage,97778.0
1653,2025-11-27,Spa,16215.0
1654,2025-11-27,Events,57971.0
1655,2025-11-27,Parking,11936.0
1656,2025-11-28,Rooms,433012.0
1657,2025-11-28,Food & Beverage,115296.0
1658,2025-11-28,Spa,32182.0
1659,2025-11-28,Events,39736.0
1660,2025-11-28,Parking,17255.0
1661,2025-11-29,Rooms,413174.0
1662,2025-11-29,Food & Beverage,105797.0
1663,2025-11-29,Spa,31146.0
1664,2025-11-29,Events,20754.0
1665,2025-11-29,Parking,15907.0
1666,2025-11-30,Rooms,490073.0
1667,2025-11-30,Food & Beverage,121478.0
1668,2025-11-30,Spa,24598.0
1669,2025-11-30,Events,27271.0
1670,2025-11-30,Parking,13293.0
1671,2025-12-01,Rooms,854931.0
1672,2025-12-01,Food & Beverage,249942.0
1673,2025-12-01,Spa,71454.0
1674,2025-12-01,Events,112359.0
1675,2025-12-01,Parking,27137.0
1676,2025-12-02,Rooms,625312.0
1677,2025-12-02,Food & Beverage,124639.0
1678,2025-12-02,Spa,23961.0
1679,2025-12-02,Events,40692.0
1680,2025-12-02,Parking,22447.0
1681,2025-12-03,Rooms,767666.0
1682,2025-12-03,Food & Beverage,173287.0
1683,2025-12-03,Spa,40794.0
1684,2025-12-03,Events,19591.0
1685,2025-12-03,Parking,25865.0
1686,2025-12-04,Rooms,770459.0
1687,2025-12-04,Food & Beverage,172704.0
1688,2025-12-04,Spa,34601.0
1689,2025-12-04,Events,25405.0
1690,2025-12-04,Parking,15370.0
1691,2025-12-05,Rooms,788907.0
1692,2025-12-05,Food & Beverage,193031.0
1693,2025-12-05,Spa,68238.0
1694,2025-12-05,Events,28193.0
1695,2025-12-05,Parking,8094.0
1696,2025-12-06,Rooms,749417.0
1697,2025-12-06,Food & Beverage,148578.0
1698,2025-12-06,Spa,28388.0
1699,2025-12-06,Events,85979.0
1700,2025-12-06,Parking,28276.0
1701,2025-12-07,Rooms,673807.0
1702,2025-12-07,Food & Beverage,188622.0
1703,2025-12-07,Spa,47362.0
1704,2025-12-07,Events,23531.0
1705,2025-12-07,Parking,7623.0
1706,2025-12-08,Rooms,866516.0
1707,2025-12-08,Food & Beverage,206061.0
1708,2025-12-08,Spa,42914.0
1709,2025-12-08,Events,66143.0
1710,2025-12-08,Parking,25579.0
1711,2025-12-09,Rooms,718046.0
1712,2025-12-09,Food & Beverage,144673.0
1713,2025-12-09,Spa,55807.0
1714,2025-12-09,Events,39184.0
1715,2025-12-09,Parking,7559.0
1716,2025-12-10,Rooms,643772.0
1717,2025-12-10,Food & Beverage,157706.0
1718,2025-12-10,Spa,19990.0
1719,2025-12-10,Events,46934.0
1720,2025-12-10,Parking,8784.0
1721,2025-12-11,Rooms,792752.0
1722,2025-12-11,Food & Beverage,152620.0
1723,2025-12-11,Spa,57629.0
1724,2025-12-11,Events,55108.0
1725,2025-12-11,Parking,11042.0
1726,2025-12-12,Rooms,881488.0
1727,2025-12-12,Food & Beverage,194644.0
1728,2025-12-12,Spa,50651.0
1729,2025-12-12,Events,108080.0
1730,2025-12-12,Parking,25780.0
1731,2025-12-13,Rooms,611103.0
1732,2025-12-13,Food & Beverage,145038.0
1733,2025-12-13,Spa,45908.0
1734,2025-12-13,Events,14439.0
1735,2025-12-13,Parking,14166.0
1736,2025-12-14,Rooms,648316.0
1737,2025-12-14,Food & Beverage,146800.0
1738,2025-12-14,Spa,25356.0
1739,2025-12-14,Events,14481.0
1740,2025-12-14,Parking,19402.0
1741,2025-12-15,Rooms,768001.0
1742,2025-12-15,Food & Beverage,138870.0
1743,2025-12-15,Spa,58294.0
1744,2025-12-15,Events,85117.0
1745,2025-12-15,Parking,21251.0
1746,2025-12-16,Rooms,600344.0
1747,2025-12-16,Food & Beverage,189364.0
1748,2025-12-16,Spa,29343.0
1749,2025-12-16,Events,103076.0
1750,2025-12-16,Parking,14416.0
1751,2025-12-17,Rooms,553633.0
1752,2025-12-17,Food & Beverage,100561.0
1753,2025-12-17,Spa,37578.0
1754,2025-12-17,Events,49032.0
1755,2025-12-17,Parking,10159.0
1756,2025-12-18,Rooms,710881.0
1757,2025-12-18,Food & Beverage,191528.0
1758,2025-12-18,Spa,30813.0
1759,2025-12-18,Events,18075.0
1760,2025-12-18,Parking,27329.0
1761,2025-12-19,Rooms,895612.0
1762,2025-12-19,Food & Beverage,177568.0
1763,2025-12-19,Spa,62046.0
1764,2025-12-19,Events,101465.0
1765,2025-12-19,Parking,24068.0
1766,2025-12-20,Rooms,627612.0
1767,2025-12-20,Food & Beverage,133275.0
1768,2025-12-20,Spa,42457.0
1769,2025-12-20,Events,99901.0
1770,2025-12-20,Parking,9854.0
1771,2025-12-21,Rooms,900862.0
1772,2025-12-21,Food & Beverage,170274.0
1773,2025-12-21,Spa,67334.0
1774,2025-12-21,Events,52579.0
1775,2025-12-21,Parking,11564.0
1776,2025-12-22,Rooms,812699.0
1777,2025-12-22,Food & Beverage,168691.0
1778,2025-12-22,Spa,53059.0
1779,2025-12-22,Events,131578.0
1780,2025-12-22,Parking,9370.0
1781,2025-12-23,Rooms,780108.0
1782,2025-12-23,Food & Beverage,228616.0
1783,2025-12-23,Spa,33897.0
1784,2025-12-23,Events,76916.0
1785,2025-12-23,Parking,26436.0
1786,2025-12-24,Rooms,935290.0
1787,2025-12-24,Food & Beverage,278324.0
1788,2025-12-24,Spa,50642.0
1789,2025-12-24,Events,161130.0
1790,2025-12-24,Parking,22522.0
1791,2025-12-25,Rooms,688457.0
1792,2025-12-25,Food & Beverage,183477.0
1793,2025-12-25,Spa,25240.0
1794,2025-12-25,Events,56595.0
1795,2025-12-25,Parking,25045.0
1796,2025-12-26,Rooms,845047.0
1797,2025-12-26,Food & Beverage,213188.0
1798,2025-12-26,Spa,64231.0
1799,2025-12-26,Events,102945.0
1800,2025-12-26,Parking,33138.0
1801,2025-12-27,Rooms,841086.0
1802,2025-12-27,Food & Beverage,216643.0
1803,2025-12-27,Spa,48440.0
1804,2025-12-27,Events,119034.0
1805,2025-12-27,Parking,8767.0
1806,2025-12-28,Rooms,787181.0
1807,2025-12-28,Food & Beverage,223485.0
1808,2025-12-28,Spa,54187.0
1809,2025-12-28,Events,27730.0
1810,2025-12-28,Parking,9579.0
1811,2025-12-29,Rooms,745528.0
1812,2025-12-29,Food & Beverage,180397.0
1813,2025-12-29,Spa,42215.0
1814,2025-12-29,Events,64594.0
1815,2025-12-29,Parking,8706.0
1816,2025-12-30,Rooms,837449.0
1817,2025-12-30,Food & Beverage,154924.0
1818,2025-12-30,Spa,29987.0
1819,2025-12-30,Events,63187.0
1820,2025-12-30,Parking,20297.0
1821,2025-12-31,Rooms,783068.0
1822,2025-12-31,Food & Beverage,230496.0
1823,2025-12-31,Spa,24498.0
1824,2025-12-31,Events,88590.0
1825,2025-12-31,Parking,15877.0
