shift_id,work_date,department,labor_hours,scheduled_staff
1,2025-01-01,Rooms,73.73,9
2,2025-01-01,Food & Beverage,66.82,8
3,2025-01-01,Housekeeping,78.76,10
4,2025-01-01,Maintenance,28.24,4
5,2025-01-01,Sales,23.12,3
6,2025-01-01,Admin,27.95,3
7,2025-01-02,Rooms,65.67,8
8,2025-01-02,Food & Beverage,57.57,7
9,2025-01-02,Housekeeping,76.51,10
10,2025-01-02,Maintenance,29.45,4
11,2025-01-02,Sales,24.57,3
12,2025-01-02,Admin,27.91,3
13,2025-01-03,Rooms,67.94,8
14,2025-01-03,Food & Beverage,70.62,9
15,2025-01-03,Housekeeping,72.88,9
16,2025-01-03,Maintenance,24.24,3
17,2025-01-03,Sales,28.66,4
18,2025-01-03,Admin,31.25,4
19,2025-01-04,Rooms,57.95,7
20,2025-01-04,Food & Beverage,60.82,8
21,2025-01-04,Housekeeping,78.36,10
22,2025-01-04,Maintenance,25.38,3
23,2025-01-04,Sales,29.51,4
24,2025-01-04,Admin,26.97,3
25,2025-01-05,Rooms,64.44,8
26,2025-01-05,Food & Beverage,69.01,9
27,2025-01-05,Housekeeping,67.44,8
28,2025-01-05,Maintenance,26.09,3
29,2025-01-05,Sales,29.19,4
30,2025-01-05,Admin,24.99,3
31,2025-01-06,Rooms,62.5,8
32,2025-01-06,Food & Beverage,67.84,8
33,2025-01-06,Housekeeping,70.6,9
34,2025-01-06,Maintenance,31.11,4
35,2025-01-06,Sales,29.17,4
36,2025-01-06,Admin,30.0,4
37,2025-01-07,Rooms,67.38,8
38,2025-01-07,Food & Beverage,66.0,8
39,2025-01-07,Housekeeping,73.04,9
40,2025-01-07,Maintenance,31.71,4
41,2025-01-07,Sales,31.0,4
42,2025-01-07,Admin,23.62,3
43,2025-01-08,Rooms,70.41,9
44,2025-01-08,Food & Beverage,69.94,9
45,2025-01-08,Housekeeping,76.68,10
46,2025-01-08,Maintenance,31.86,4
47,2025-01-08,Sales,31.55,4
48,2025-01-08,Admin,26.73,3
49,2025-01-09,Rooms,66.15,8
50,2025-01-09,Food & Beverage,75.23,9
51,2025-01-09,Housekeeping,65.49,8
52,2025-01-09,Maintenance,29.91,4
53,2025-01-09,Sales,23.59,3
54,2025-01-09,Admin,27.78,3
55,2025-01-10,Rooms,69.76,9
56,2025-01-10,Food & Beverage,75.98,9
57,2025-01-10,Housekeeping,71.07,9
58,2025-01-10,Maintenance,29.17,4
59,2025-01-10,Sales,24.68,3
60,2025-01-10,Admin,27.77,3
61,2025-01-11,Rooms,63.93,8
62,2025-01-11,Food & Beverage,70.95,9
63,2025-01-11,Housekeeping,75.29,9
64,2025-01-11,Maintenance,30.21,4
65,2025-01-11,Sales,29.57,4
66,2025-01-11,Admin,23.92,3
67,2025-01-12,Rooms,80.69,10
68,2025-01-12,Food & Beverage,79.01,10
69,2025-01-12,Housekeeping,73.49,9
70,2025-01-12,Maintenance,27.51,3
71,2025-01-12,Sales,28.49,4
72,2025-01-12,Admin,23.12,3
73,2025-01-13,Rooms,64.79,8
74,2025-01-13,Food & Beverage,61.55,8
75,2025-01-13,Housekeeping,69.5,9
76,2025-01-13,Maintenance,25.08,3
77,2025-01-13,Sales,30.87,4
78,2025-01-13,Admin,24.52,3
79,2025-01-14,Rooms,65.14,8
80,2025-01-14,Food & Beverage,76.55,10
81,2025-01-14,Housekeeping,58.53,7
82,2025-01-14,Maintenance,33.27,4
83,2025-01-14,Sales,25.58,3
84,2025-01-14,Admin,22.99,3
85,2025-01-15,Rooms,70.56,9
86,2025-01-15,Food & Beverage,56.85,7
87,2025-01-15,Housekeeping,66.12,8
88,2025-01-15,Maintenance,23.45,3
89,2025-01-15,Sales,26.91,3
90,2025-01-15,Admin,31.92,4
91,2025-01-16,Rooms,63.82,8
92,2025-01-16,Food & Beverage,76.91,10
93,2025-01-16,Housekeeping,74.29,9
94,2025-01-16,Maintenance,25.25,3
95,2025-01-16,Sales,30.23,4
96,2025-01-16,Admin,29.23,4
97,2025-01-17,Rooms,77.04,10
98,2025-01-17,Food & Beverage,84.73,11
99,2025-01-17,Housekeeping,69.8,9
100,2025-01-17,Maintenance,25.78,3
101,2025-01-17,Sales,27.05,3
102,2025-01-17,Admin,24.41,3
103,2025-01-18,Rooms,76.44,10
104,2025-01-18,Food & Beverage,67.39,8
105,2025-01-18,Housekeeping,68.77,9
106,2025-01-18,Maintenance,30.54,4
107,2025-01-18,Sales,26.09,3
108,2025-01-18,Admin,28.45,4
109,2025-01-19,Rooms,67.87,8
110,2025-01-19,Food & Beverage,62.65,8
111,2025-01-19,Housekeeping,86.49,11
112,2025-01-19,Maintenance,27.41,3
113,2025-01-19,Sales,28.76,4
114,2025-01-19,Admin,25.3,3
115,2025-01-20,Rooms,67.99,8
116,2025-01-20,Food & Beverage,75.51,9
117,2025-01-20,Housekeeping,76.46,10
118,2025-01-20,Maintenance,25.95,3
119,2025-01-20,Sales,27.78,3
120,2025-01-20,Admin,30.62,4
121,2025-01-21,Rooms,70.35,9
122,2025-01-21,Food & Beverage,74.15,9
123,2025-01-21,Housekeeping,62.26,8
124,2025-01-21,Maintenance,26.56,3
125,2025-01-21,Sales,21.28,3
126,2025-01-21,Admin,25.5,3
127,2025-01-22,Rooms,59.43,7
128,2025-01-22,Food & Beverage,76.23,10
129,2025-01-22,Housekeeping,57.17,7
130,2025-01-22,Maintenance,32.75,4
131,2025-01-22,Sales,26.5,3
132,2025-01-22,Admin,25.34,3
133,2025-01-23,Rooms,69.28,9
134,2025-01-23,Food & Beverage,77.52,10
135,2025-01-23,Housekeeping,62.4,8
136,2025-01-23,Maintenance,27.89,3
137,2025-01-23,Sales,24.11,3
138,2025-01-23,Admin,31.15,4
139,2025-01-24,Rooms,69.34,9
140,2025-01-24,Food & Beverage,76.59,10
141,2025-01-24,Housekeeping,74.07,9
142,2025-01-24,Maintenance,26.64,3
143,2025-01-24,Sales,27.76,3
144,2025-01-24,Admin,28.78,4
145,2025-01-25,Rooms,72.18,9
146,2025-01-25,Food & Beverage,60.5,8
147,2025-01-25,Housekeeping,64.43,8
148,2025-01-25,Maintenance,30.63,4
149,2025-01-25,Sales,32.04,4
150,2025-01-25,Admin,25.72,3
151,2025-01-26,Rooms,68.46,9
152,2025-01-26,Food & Beverage,53.44,7
153,2025-01-26,Housekeeping,76.44,10
154,2025-01-26,Maintenance,26.79,3
155,2025-01-26,Sales,27.17,3
156,2025-01-26,Admin,30.92,4
157,2025-01-27,Rooms,79.13,10
158,2025-01-27,Food & Beverage,58.65,7
159,2025-01-27,Housekeeping,68.09,9
160,2025-01-27,Maintenance,26.23,3
161,2025-01-27,Sales,29.31,4
162,2025-01-27,Admin,32.05,4
163,2025-01-28,Rooms,72.63,9
164,2025-01-28,Food & Beverage,71.62,9
165,2025-01-28,Housekeeping,63.4,8
166,2025-01-28,Maintenance,31.63,4
167,2025-01-28,Sales,31.81,4
168,2025-01-28,Admin,28.65,4
169,2025-01-29,Rooms,57.23,7
170,2025-01-29,Food & Beverage,68.54,9
171,2025-01-29,Housekeeping,70.35,9
172,2025-01-29,Maintenance,18.83,2
173,2025-01-29,Sales,25.59,3
174,2025-01-29,Admin,28.85,4
175,2025-01-30,Rooms,69.97,9
176,2025-01-30,Food & Beverage,71.97,9
177,2025-01-30,Housekeeping,77.9,10
178,2025-01-30,Maintenance,25.14,3
179,2025-01-30,Sales,30.35,4
180,2025-01-30,Admin,30.87,4
181,2025-01-31,Rooms,66.81,8
182,2025-01-31,Food & Beverage,74.73,9
183,2025-01-31,Housekeeping,78.59,10
184,2025-01-31,Maintenance,27.12,3
185,2025-01-31,Sales,23.39,3
186,2025-01-31,Admin,27.07,3
187,2025-02-01,Rooms,70.07,9
188,2025-02-01,Food & Beverage,63.2,8
189,2025-02-01,Housekeeping,65.37,8
190,2025-02-01,Maintenance,26.39,3
191,2025-02-01,Sales,27.31,3
192,2025-02-01,Admin,23.8,3
193,2025-02-02,Rooms,65.31,8
194,2025-02-02,Food & Beverage,69.98,9
195,2025-02-02,Housekeeping,63.48,8
196,2025-02-02,Maintenance,23.88,3
197,2025-02-02,Sales,29.8,4
198,2025-02-02,Admin,23.31,3
199,2025-02-03,Rooms,70.24,9
200,2025-02-03,Food & Beverage,60.77,8
201,2025-02-03,Housekeeping,83.95,10
202,2025-02-03,Maintenance,25.61,3
203,2025-02-03,Sales,28.15,4
204,2025-02-03,Admin,25.3,3
205,2025-02-04,Rooms,71.91,9
206,2025-02-04,Food & Beverage,76.85,10
207,2025-02-04,Housekeeping,70.74,9
208,2025-02-04,Maintenance,29.52,4
209,2025-02-04,Sales,22.5,3
210,2025-02-04,Admin,28.77,4
211,2025-02-05,Rooms,67.06,8
212,2025-02-05,Food & Beverage,63.5,8
213,2025-02-05,Housekeeping,61.37,8
214,2025-02-05,Maintenance,28.32,4
215,2025-02-05,Sales,28.28,4
216,2025-02-05,Admin,28.19,4
217,2025-02-06,Rooms,70.62,9
218,2025-02-06,Food & Beverage,71.37,9
219,2025-02-06,Housekeeping,79.61,10
220,2025-02-06,Maintenance,18.13,2
221,2025-02-06,Sales,28.19,4
222,2025-02-06,Admin,28.88,4
223,2025-02-07,Rooms,72.5,9
224,2025-02-07,Food & Beverage,79.35,10
225,2025-02-07,Housekeeping,67.01,8
226,2025-02-07,Maintenance,25.71,3
227,2025-02-07,Sales,26.19,3
228,2025-02-07,Admin,30.78,4
229,2025-02-08,Rooms,58.85,7
230,2025-02-08,Food & Beverage,56.05,7
231,2025-02-08,Housekeeping,69.28,9
232,2025-02-08,Maintenance,29.27,4
233,2025-02-08,Sales,33.15,4
234,2025-02-08,Admin,28.08,4
235,2025-02-09,Rooms,71.8,9
236,2025-02-09,Food & Beverage,71.96,9
237,2025-02-09,Housekeeping,57.66,7
238,2025-02-09,Maintenance,26.91,3
239,2025-02-09,Sales,28.95,4
240,2025-02-09,Admin,24.93,3
241,2025-02-10,Rooms,59.88,7
242,2025-02-10,Food & Beverage,68.25,9
243,2025-02-10,Housekeeping,64.92,8
244,2025-02-10,Maintenance,27.53,3
245,2025-02-10,Sales,31.17,4
246,2025-02-10,Admin,26.19,3
247,2025-02-11,Rooms,64.59,8
248,2025-02-11,Food & Beverage,70.1,9
249,2025-02-11,Housekeeping,69.64,9
250,2025-02-11,Maintenance,22.88,3
251,2025-02-11,Sales,26.66,3
252,2025-02-11,Admin,26.58,3
253,2025-02-12,Rooms,77.05,10
254,2025-02-12,Food & Beverage,78.8,10
255,2025-02-12,Housekeeping,79.74,10
256,2025-02-12,Maintenance,27.24,3
257,2025-02-12,Sales,29.46,4
258,2025-02-12,Admin,22.29,3
259,2025-02-13,Rooms,66.39,8
260,2025-02-13,Food & Beverage,68.0,9
261,2025-02-13,Housekeeping,65.24,8
262,2025-02-13,Maintenance,27.78,3
263,2025-02-13,Sales,24.69,3
264,2025-02-13,Admin,23.48,3
265,2025-02-14,Rooms,69.25,9
266,2025-02-14,Food & Beverage,77.53,10
267,2025-02-14,Housekeeping,71.23,9
268,2025-02-14,Maintenance,28.33,4
269,2025-02-14,Sales,29.38,4
270,2025-02-14,Admin,18.73,2
271,2025-02-15,Rooms,54.37,7
272,2025-02-15,Food & Beverage,58.1,7
273,2025-02-15,Housekeeping,76.79,10
274,2025-02-15,Maintenance,22.77,3
275,2025-02-15,Sales,25.35,3
276,2025-02-15,Admin,29.57,4
277,2025-02-16,Rooms,67.97,8
278,2025-02-16,Food & Beverage,68.13,9
279,2025-02-16,Housekeeping,67.22,8
280,2025-02-16,Maintenance,26.06,3
281,2025-02-16,Sales,26.02,3
282,2025-02-16,Admin,26.38,3
283,2025-02-17,Rooms,71.72,9
284,2025-02-17,Food & Beverage,73.16,9
285,2025-02-17,Housekeeping,67.66,8
286,2025-02-17,Maintenance,25.21,3
287,2025-02-17,Sales,30.15,4
288,2025-02-17,Admin,26.35,3
289,2025-02-18,Rooms,70.85,9
290,2025-02-18,Food & Beverage,53.5,7
291,2025-02-18,Housekeeping,65.83,8
292,2025-02-18,Maintenance,20.01,3
293,2025-02-18,Sales,22.91,3
294,2025-02-18,Admin,31.61,4
295,2025-02-19,Rooms,60.06,8
296,2025-02-19,Food & Beverage,83.56,10
297,2025-02-19,Housekeeping,65.59,8
298,2025-02-19,Maintenance,33.13,4
299,2025-02-19,Sales,29.1,4
300,2025-02-19,Admin,31.73,4
301,2025-02-20,Rooms,64.96,8
302,2025-02-20,Food & Beverage,73.5,9
303,2025-02-20,Housekeeping,64.58,8
304,2025-02-20,Maintenance,24.77,3
305,2025-02-20,Sales,25.97,3
306,2025-02-20,Admin,27.4,3
307,2025-02-21,Rooms,65.02,8
308,2025-02-21,Food & Beverage,73.46,9
309,2025-02-21,Housekeeping,74.48,9
310,2025-02-21,Maintenance,26.82,3
311,2025-02-21,Sales,26.17,3
312,2025-02-21,Admin,24.21,3
313,2025-02-22,Rooms,72.76,9
314,2025-02-22,Food & Beverage,73.08,9
315,2025-02-22,Housekeeping,70.85,9
316,2025-02-22,Maintenance,22.99,3
317,2025-02-22,Sales,25.7,3
318,2025-02-22,Admin,28.63,4
319,2025-02-23,Rooms,66.43,8
320,2025-02-23,Food & Beverage,64.49,8
321,2025-02-23,Housekeeping,74.53,9
322,2025-02-23,Maintenance,29.86,4
323,2025-02-23,Sales,25.76,3
324,2025-02-23,Admin,27.2,3
325,2025-02-24,Rooms,69.79,9
326,2025-02-24,Food & Beverage,69.92,9
327,2025-02-24,Housekeeping,64.59,8
328,2025-02-24,Maintenance,35.32,4
329,2025-02-24,Sales,29.64,4
330,2025-02-24,Admin,28.93,4
331,2025-02-25,Rooms,65.09,8
332,2025-02-25,Food & Beverage,68.54,9
333,2025-02-25,Housekeeping,72.47,9
334,2025-02-25,Maintenance,31.43,4
335,2025-02-25,Sales,28.82,4
336,2025-02-25,Admin,27.81,3
337,2025-02-26,Rooms,72.01,9
338,2025-02-26,Food & Beverage,61.02,8
339,2025-02-26,Housekeeping,80.66,10
340,2025-02-26,Maintenance,27.82,3
341,2025-02-26,Sales,28.49,4
342,2025-02-26,Admin,34.91,4
343,2025-02-27,Rooms,75.83,9
344,2025-02-27,Food & Beverage,74.09,9
345,2025-02-27,Housekeeping,73.87,9
346,2025-02-27,Maintenance,29.82,4
347,2025-02-27,Sales,27.84,3
348,2025-02-27,Admin,29.9,4
349,2025-02-28,Rooms,60.83,8
350,2025-02-28,Food & Beverage,54.47,7
351,2025-02-28,Housekeeping,71.75,9
352,2025-02-28,Maintenance,22.87,3
353,2025-02-28,Sales,22.95,3
354,2025-02-28,Admin,25.65,3
355,2025-03-01,Rooms,55.92,7
356,2025-03-01,Food & Beverage,50.7,6
357,2025-03-01,Housekeeping,61.1,8
358,2025-03-01,Maintenance,22.99,3
359,2025-03-01,Sales,20.84,3
360,2025-03-01,Admin,21.99,3
361,2025-03-02,Rooms,45.54,6
362,2025-03-02,Food & Beverage,53.39,7
363,2025-03-02,Housekeeping,59.16,7
364,2025-03-02,Maintenance,20.48,3
365,2025-03-02,Sales,22.41,3
366,2025-03-02,Admin,18.16,2
367,2025-03-03,Rooms,54.22,7
368,2025-03-03,Food & Beverage,40.73,5
369,2025-03-03,Housekeeping,56.42,7
370,2025-03-03,Maintenance,20.29,3
371,2025-03-03,Sales,19.84,2
372,2025-03-03,Admin,19.75,2
373,2025-03-04,Rooms,57.87,7
374,2025-03-04,Food & Beverage,48.59,6
375,2025-03-04,Housekeeping,54.9,7
376,2025-03-04,Maintenance,24.46,3
377,2025-03-04,Sales,18.84,2
378,2025-03-04,Admin,21.56,3
379,2025-03-05,Rooms,43.23,5
380,2025-03-05,Food & Beverage,58.62,7
381,2025-03-05,Housekeeping,46.04,6
382,2025-03-05,Maintenance,20.31,3
383,2025-03-05,Sales,18.98,2
384,2025-03-05,Admin,23.34,3
385,2025-03-06,Rooms,57.67,7
386,2025-03-06,Food & Beverage,45.94,6
387,2025-03-06,Housekeeping,50.68,6
388,2025-03-06,Maintenance,18.11,2
389,2025-03-06,Sales,20.27,3
390,2025-03-06,Admin,19.51,2
391,2025-03-07,Rooms,60.38,8
392,2025-03-07,Food & Beverage,50.81,6
393,2025-03-07,Housekeeping,52.69,7
394,2025-03-07,Maintenance,24.33,3
395,2025-03-07,Sales,21.04,3
396,2025-03-07,Admin,22.44,3
397,2025-03-08,Rooms,65.86,8
398,2025-03-08,Food & Beverage,56.69,7
399,2025-03-08,Housekeeping,59.35,7
400,2025-03-08,Maintenance,21.81,3
401,2025-03-08,Sales,22.57,3
402,2025-03-08,Admin,20.79,3
403,2025-03-09,Rooms,44.57,6
404,2025-03-09,Food & Beverage,48.49,6
405,2025-03-09,Housekeeping,56.73,7
406,2025-03-09,Maintenance,22.36,3
407,2025-03-09,Sales,17.84,2
408,2025-03-09,Admin,23.71,3
409,2025-03-10,Rooms,46.16,6
410,2025-03-10,Food & Beverage,58.93,7
411,2025-03-10,Housekeeping,57.96,7
412,2025-03-10,Maintenance,24.95,3
413,2025-03-10,Sales,22.01,3
414,2025-03-10,Admin,23.96,3
415,2025-03-11,Rooms,65.67,8
416,2025-03-11,Food & Beverage,59.01,7
417,2025-03-11,Housekeeping,55.08,7
418,2025-03-11,Maintenance,19.97,2
419,2025-03-11,Sales,21.98,3
420,2025-03-11,Admin,22.08,3
421,2025-03-12,Rooms,60.82,8
422,2025-03-12,Food & Beverage,47.5,6
423,2025-03-12,Housekeeping,59.34,7
424,2025-03-12,Maintenance,20.6,3
425,2025-03-12,Sales,22.28,3
426,2025-03-12,Admin,24.17,3
427,2025-03-13,Rooms,54.31,7
428,2025-03-13,Food & Beverage,52.19,7
429,2025-03-13,Housekeeping,60.69,8
430,2025-03-13,Maintenance,24.18,3
431,2025-03-13,Sales,24.08,3
432,2025-03-13,Admin,20.62,3
433,2025-03-14,Rooms,53.22,7
434,2025-03-14,Food & Beverage,50.92,6
435,2025-03-14,Housekeeping,55.42,7
436,2025-03-14,Maintenance,20.33,3
437,2025-03-14,Sales,20.23,3
438,2025-03-14,Admin,24.22,3
439,2025-03-15,Rooms,55.52,7
440,2025-03-15,Food & Beverage,45.56,6
441,2025-03-15,Housekeeping,51.51,6
442,2025-03-15,Maintenance,23.4,3
443,2025-03-15,Sales,24.08,3
444,2025-03-15,Admin,18.88,2
445,2025-03-16,Rooms,51.68,6
446,2025-03-16,Food & Beverage,50.04,6
447,2025-03-16,Housekeeping,47.79,6
448,2025-03-16,Maintenance,23.61,3
449,2025-03-16,Sales,21.86,3
450,2025-03-16,Admin,19.65,2
451,2025-03-17,Rooms,61.61,8
452,2025-03-17,Food & Beverage,56.4,7
453,2025-03-17,Housekeeping,53.52,7
454,2025-03-17,Maintenance,21.36,3
455,2025-03-17,Sales,23.54,3
456,2025-03-17,Admin,18.12,2
457,2025-03-18,Rooms,68.23,9
458,2025-03-18,Food & Beverage,50.9,6
459,2025-03-18,Housekeeping,63.63,8
460,2025-03-18,Maintenance,22.56,3
461,2025-03-18,Sales,19.04,2
462,2025-03-18,Admin,21.95,3
463,2025-03-19,Rooms,57.69,7
464,2025-03-19,Food & Beverage,49.15,6
465,2025-03-19,Housekeeping,50.34,6
466,2025-03-19,Maintenance,21.67,3
467,2025-03-19,Sales,18.91,2
468,2025-03-19,Admin,23.06,3
469,2025-03-20,Rooms,47.78,6
470,2025-03-20,Food & Beverage,51.49,6
471,2025-03-20,Housekeeping,50.0,6
472,2025-03-20,Maintenance,20.88,3
473,2025-03-20,Sales,20.05,3
474,2025-03-20,Admin,22.6,3
475,2025-03-21,Rooms,57.29,7
476,2025-03-21,Food & Beverage,57.26,7
477,2025-03-21,Housekeeping,57.48,7
478,2025-03-21,Maintenance,22.42,3
479,2025-03-21,Sales,19.93,2
480,2025-03-21,Admin,18.51,2
481,2025-03-22,Rooms,56.58,7
482,2025-03-22,Food & Beverage,48.83,6
483,2025-03-22,Housekeeping,58.14,7
484,2025-03-22,Maintenance,24.68,3
485,2025-03-22,Sales,20.71,3
486,2025-03-22,Admin,22.69,3
487,2025-03-23,Rooms,49.57,6
488,2025-03-23,Food & Beverage,51.66,6
489,2025-03-23,Housekeeping,54.73,7
490,2025-03-23,Maintenance,20.68,3
491,2025-03-23,Sales,21.44,3
492,2025-03-23,Admin,20.13,3
493,2025-03-24,Rooms,53.82,7
494,2025-03-24,Food & Beverage,57.15,7
495,2025-03-24,Housekeeping,55.2,7
496,2025-03-24,Maintenance,21.73,3
497,2025-03-24,Sales,22.8,3
498,2025-03-24,Admin,22.84,3
499,2025-03-25,Rooms,60.62,8
500,2025-03-25,Food & Beverage,53.5,7
501,2025-03-25,Housekeeping,52.29,7
502,2025-03-25,Maintenance,18.75,2
503,2025-03-25,Sales,24.37,3
504,2025-03-25,Admin,20.41,3
505,2025-03-26,Rooms,50.69,6
506,2025-03-26,Food & Beverage,60.08,8
507,2025-03-26,Housekeeping,64.77,8
508,2025-03-26,Maintenance,24.2,3
509,2025-03-26,Sales,17.48,2
510,2025-03-26,Admin,23.15,3
511,2025-03-27,Rooms,56.21,7
512,2025-03-27,Food & Beverage,52.37,7
513,2025-03-27,Housekeeping,50.22,6
514,2025-03-27,Maintenance,21.45,3
515,2025-03-27,Sales,23.52,3
516,2025-03-27,Admin,19.83,2
517,2025-03-28,Rooms,52.58,7
518,2025-03-28,Food & Beverage,52.2,7
519,2025-03-28,Housekeeping,54.49,7
520,2025-03-28,Maintenance,19.61,2
521,2025-03-28,Sales,22.22,3
522,2025-03-28,Admin,23.64,3
523,2025-03-29,Rooms,53.87,7
524,2025-03-29,Food & Beverage,48.16,6
525,2025-03-29,Housekeeping,48.33,6
526,2025-03-29,Maintenance,20.35,3
527,2025-03-29,Sales,24.21,3
528,2025-03-29,Admin,23.04,3
529,2025-03-30,Rooms,54.55,7
530,2025-03-30,Food & Beverage,54.05,7
531,2025-03-30,Housekeeping,47.51,6
532,2025-03-30,Maintenance,18.72,2
533,2025-03-30,Sales,21.61,3
534,2025-03-30,Admin,24.79,3
535,2025-03-31,Rooms,60.88,8
536,2025-03-31,Food & Beverage,64.18,8
537,2025-03-31,Housekeeping,52.42,7
538,2025-03-31,Maintenance,23.41,3
539,2025-03-31,Sales,21.59,3
540,2025-03-31,Admin,22.82,3
541,2025-04-01,Rooms,60.63,8
542,2025-04-01,Food & Beverage,66.15,8
543,2025-04-01,Housekeeping,58.78,7
544,2025-04-01,Maintenance,22.01,3
545,2025-04-01,Sales,24.52,3
546,2025-04-01,Admin,27.41,3
547,2025-04-02,Rooms,60.65,8
548,2025-04-02,Food & Beverage,70.51,9
549,2025-04-02,Housekeeping,73.02,9
550,2025-04-02,Maintenance,22.35,3
551,2025-04-02,Sales,25.78,3
552,2025-04-02,Admin,22.66,3
553,2025-04-03,Rooms,64.12,8
554,2025-04-03,Food & Beverage,67.17,8
555,2025-04-03,Housekeeping,62.07,8
556,2025-04-03,Maintenance,27.44,3
557,2025-04-03,Sales,26.86,3
558,2025-04-03,Admin,25.46,3
559,2025-04-04,Rooms,69.54,9
560,2025-04-04,Food & Beverage,57.96,7
561,2025-04-04,Housekeeping,57.58,7
562,2025-04-04,Maintenance,19.08,2
563,2025-04-04,Sales,27.96,3
564,2025-04-04,Admin,24.07,3
565,2025-04-05,Rooms,60.28,8
566,2025-04-05,Food & Beverage,66.69,8
567,2025-04-05,Housekeeping,70.93,9
568,2025-04-05,Maintenance,23.79,3
569,2025-04-05,Sales,21.95,3
570,2025-04-05,Admin,27.3,3
571,2025-04-06,Rooms,59.7,7
572,2025-04-06,Food & Beverage,68.45,9
573,2025-04-06,Housekeeping,65.78,8
574,2025-04-06,Maintenance,24.77,3
575,2025-04-06,Sales,27.89,3
576,2025-04-06,Admin,22.75,3
577,2025-04-07,Rooms,58.76,7
578,2025-04-07,Food & Beverage,61.46,8
579,2025-04-07,Housekeeping,58.33,7
580,2025-04-07,Maintenance,23.75,3
581,2025-04-07,Sales,29.78,4
582,2025-04-07,Admin,29.02,4
583,2025-04-08,Rooms,67.82,8
584,2025-04-08,Food & Beverage,58.24,7
585,2025-04-08,Housekeeping,72.14,9
586,2025-04-08,Maintenance,23.82,3
587,2025-04-08,Sales,29.19,4
588,2025-04-08,Admin,24.99,3
589,2025-04-09,Rooms,65.62,8
590,2025-04-09,Food & Beverage,61.31,8
591,2025-04-09,Housekeeping,57.79,7
592,2025-04-09,Maintenance,25.46,3
593,2025-04-09,Sales,28.49,4
594,2025-04-09,Admin,25.71,3
595,2025-04-10,Rooms,61.88,8
596,2025-04-10,Food & Beverage,61.71,8
597,2025-04-10,Housekeeping,60.78,8
598,2025-04-10,Maintenance,20.76,3
599,2025-04-10,Sales,23.7,3
600,2025-04-10,Admin,20.26,3
601,2025-04-11,Rooms,55.68,7
602,2025-04-11,Food & Beverage,51.56,6
603,2025-04-11,Housekeeping,65.37,8
604,2025-04-11,Maintenance,24.1,3
605,2025-04-11,Sales,23.02,3
606,2025-04-11,Admin,24.82,3
607,2025-04-12,Rooms,74.52,9
608,2025-04-12,Food & Beverage,72.43,9
609,2025-04-12,Housekeeping,64.88,8
610,2025-04-12,Maintenance,25.06,3
611,2025-04-12,Sales,28.87,4
612,2025-04-12,Admin,24.16,3
613,2025-04-13,Rooms,56.91,7
614,2025-04-13,Food & Beverage,61.93,8
615,2025-04-13,Housekeeping,71.49,9
616,2025-04-13,Maintenance,28.9,4
617,2025-04-13,Sales,27.97,3
618,2025-04-13,Admin,28.59,4
619,2025-04-14,Rooms,56.66,7
620,2025-04-14,Food & Beverage,66.69,8
621,2025-04-14,Housekeeping,68.13,9
622,2025-04-14,Maintenance,26.74,3
623,2025-04-14,Sales,27.7,3
624,2025-04-14,Admin,28.45,4
625,2025-04-15,Rooms,69.78,9
626,2025-04-15,Food & Beverage,60.12,8
627,2025-04-15,Housekeeping,62.63,8
628,2025-04-15,Maintenance,24.22,3
629,2025-04-15,Sales,26.86,3
630,2025-04-15,Admin,24.72,3
631,2025-04-16,Rooms,63.4,8
632,2025-04-16,Food & Beverage,69.63,9
633,2025-04-16,Housekeeping,68.96,9
634,2025-04-16,Maintenance,22.95,3
635,2025-04-16,Sales,22.41,3
636,2025-04-16,Admin,22.57,3
637,2025-04-17,Rooms,56.44,7
638,2025-04-17,Food & Beverage,59.95,7
639,2025-04-17,Housekeeping,66.13,8
640,2025-04-17,Maintenance,25.42,3
641,2025-04-17,Sales,28.01,4
642,2025-04-17,Admin,32.76,4
643,2025-04-18,Rooms,56.82,7
644,2025-04-18,Food & Beverage,64.29,8
645,2025-04-18,Housekeeping,62.34,8
646,2025-04-18,Maintenance,27.99,3
647,2025-04-18,Sales,20.06,3
648,2025-04-18,Admin,25.18,3
649,2025-04-19,Rooms,68.04,9
650,2025-04-19,Food & Beverage,67.92,8
651,2025-04-19,Housekeeping,70.72,9
652,2025-04-19,Maintenance,30.44,4
653,2025-04-19,Sales,27.96,3
654,2025-04-19,Admin,29.5,4
655,2025-04-20,Rooms,64.97,8
656,2025-04-20,Food & Beverage,67.44,8
657,2025-04-20,Housekeeping,68.01,9
658,2025-04-20,Maintenance,25.05,3
659,2025-04-20,Sales,25.55,3
660,2025-04-20,Admin,22.9,3
661,2025-04-21,Rooms,69.06,9
662,2025-04-21,Food & Beverage,62.47,8
663,2025-04-21,Housekeeping,52.62,7
664,2025-04-21,Maintenance,23.21,3
665,2025-04-21,Sales,23.2,3
666,2025-04-21,Admin,27.38,3
667,2025-04-22,Rooms,60.97,8
668,2025-04-22,Food & Beverage,66.35,8
669,2025-04-22,Housekeeping,54.62,7
670,2025-04-22,Maintenance,24.37,3
671,2025-04-22,Sales,25.58,3
672,2025-04-22,Admin,27.98,3
673,2025-04-23,Rooms,65.37,8
674,2025-04-23,Food & Beverage,49.37,6
675,2025-04-23,Housekeeping,60.22,8
676,2025-04-23,Maintenance,25.02,3
677,2025-04-23,Sales,23.38,3
678,2025-04-23,Admin,26.57,3
679,2025-04-24,Rooms,64.48,8
680,2025-04-24,Food & Beverage,70.61,9
681,2025-04-24,Housekeeping,61.98,8
682,2025-04-24,Maintenance,22.4,3
683,2025-04-24,Sales,26.87,3
684,2025-04-24,Admin,23.36,3
685,2025-04-25,Rooms,57.81,7
686,2025-04-25,Food & Beverage,56.48,7
687,2025-04-25,Housekeeping,60.54,8
688,2025-04-25,Maintenance,24.46,3
689,2025-04-25,Sales,21.96,3
690,2025-04-25,Admin,25.51,3
691,2025-04-26,Rooms,56.28,7
692,2025-04-26,Food & Beverage,57.03,7
693,2025-04-26,Housekeeping,55.74,7
694,2025-04-26,Maintenance,27.96,3
695,2025-04-26,Sales,24.76,3
696,2025-04-26,Admin,26.92,3
697,2025-04-27,Rooms,58.93,7
698,2025-04-27,Food & Beverage,64.45,8
699,2025-04-27,Housekeeping,71.71,9
700,2025-04-27,Maintenance,24.63,3
701,2025-04-27,Sales,27.0,3
702,2025-04-27,Admin,26.92,3
703,2025-04-28,Rooms,71.89,9
704,2025-04-28,Food & Beverage,72.23,9
705,2025-04-28,Housekeeping,70.23,9
706,2025-04-28,Maintenance,23.31,3
707,2025-04-28,Sales,22.96,3
708,2025-04-28,Admin,25.94,3
709,2025-04-29,Rooms,75.4,9
710,2025-04-29,Food & Beverage,64.06,8
711,2025-04-29,Housekeeping,69.26,9
712,2025-04-29,Maintenance,24.26,3
713,2025-04-29,Sales,22.64,3
714,2025-04-29,Admin,22.81,3
715,2025-04-30,Rooms,57.76,7
716,2025-04-30,Food & Beverage,60.81,8
717,2025-04-30,Housekeeping,64.15,8
718,2025-04-30,Maintenance,21.4,3
719,2025-04-30,Sales,22.88,3
720,2025-04-30,Admin,27.66,3
721,2025-05-01,Rooms,59.67,7
722,2025-05-01,Food & Beverage,58.4,7
723,2025-05-01,Housekeeping,64.3,8
724,2025-05-01,Maintenance,25.39,3
725,2025-05-01,Sales,25.98,3
726,2025-05-01,Admin,28.12,4
727,2025-05-02,Rooms,60.22,8
728,2025-05-02,Food & Beverage,60.52,8
729,2025-05-02,Housekeeping,55.19,7
730,2025-05-02,Maintenance,23.37,3
731,2025-05-02,Sales,25.64,3
732,2025-05-02,Admin,26.57,3
733,2025-05-03,Rooms,55.9,7
734,2025-05-03,Food & Beverage,62.85,8
735,2025-05-03,Housekeeping,66.75,8
736,2025-05-03,Maintenance,19.99,2
737,2025-05-03,Sales,23.52,3
738,2025-05-03,Admin,29.11,4
739,2025-05-04,Rooms,55.81,7
740,2025-05-04,Food & Beverage,54.82,7
741,2025-05-04,Housekeeping,70.09,9
742,2025-05-04,Maintenance,22.13,3
743,2025-05-04,Sales,23.45,3
744,2025-05-04,Admin,25.13,3
745,2025-05-05,Rooms,55.25,7
746,2025-05-05,Food & Beverage,72.01,9
747,2025-05-05,Housekeeping,60.81,8
748,2025-05-05,Maintenance,23.75,3
749,2025-05-05,Sales,26.13,3
750,2025-05-05,Admin,26.7,3
751,2025-05-06,Rooms,58.16,7
752,2025-05-06,Food & Beverage,62.12,8
753,2025-05-06,Housekeeping,62.68,8
754,2025-05-06,Maintenance,23.57,3
755,2025-05-06,Sales,25.55,3
756,2025-05-06,Admin,23.86,3
757,2025-05-07,Rooms,62.66,8
758,2025-05-07,Food & Beverage,68.01,9
759,2025-05-07,Housekeeping,66.63,8
760,2025-05-07,Maintenance,27.27,3
761,2025-05-07,Sales,28.04,4
762,2025-05-07,Admin,28.91,4
763,2025-05-08,Rooms,59.45,7
764,2025-05-08,Food & Beverage,66.08,8
765,2025-05-08,Housekeeping,63.67,8
766,2025-05-08,Maintenance,25.46,3
767,2025-05-08,Sales,29.37,4
768,2025-05-08,Admin,25.05,3
769,2025-05-09,Rooms,66.63,8
770,2025-05-09,Food & Beverage,67.27,8
771,2025-05-09,Housekeeping,67.93,8
772,2025-05-09,Maintenance,25.98,3
773,2025-05-09,Sales,24.13,3
774,2025-05-09,Admin,23.11,3
775,2025-05-10,Rooms,66.56,8
776,2025-05-10,Food & Beverage,56.7,7
777,2025-05-10,Housekeeping,60.4,8
778,2025-05-10,Maintenance,21.72,3
779,2025-05-10,Sales,23.89,3
780,2025-05-10,Admin,22.09,3
781,2025-05-11,Rooms,59.41,7
782,2025-05-11,Food & Beverage,59.25,7
783,2025-05-11,Housekeeping,64.2,8
784,2025-05-11,Maintenance,23.67,3
785,2025-05-11,Sales,25.09,3
786,2025-05-11,Admin,29.63,4
787,2025-05-12,Rooms,60.29,8
788,2025-05-12,Food & Beverage,50.19,6
789,2025-05-12,Housekeeping,67.63,8
790,2025-05-12,Maintenance,21.21,3
791,2025-05-12,Sales,28.19,4
792,2025-05-12,Admin,27.84,3
793,2025-05-13,Rooms,67.32,8
794,2025-05-13,Food & Beverage,64.66,8
795,2025-05-13,Housekeeping,67.78,8
796,2025-05-13,Maintenance,22.46,3
797,2025-05-13,Sales,21.21,3
798,2025-05-13,Admin,26.46,3
799,2025-05-14,Rooms,61.08,8
800,2025-05-14,Food & Beverage,64.06,8
801,2025-05-14,Housekeeping,71.68,9
802,2025-05-14,Maintenance,25.66,3
803,2025-05-14,Sales,24.67,3
804,2025-05-14,Admin,22.33,3
805,2025-05-15,Rooms,67.36,8
806,2025-05-15,Food & Beverage,64.92,8
807,2025-05-15,Housekeeping,62.83,8
808,2025-05-15,Maintenance,26.14,3
809,2025-05-15,Sales,23.32,3
810,2025-05-15,Admin,23.99,3
811,2025-05-16,Rooms,68.81,9
812,2025-05-16,Food & Beverage,57.7,7
813,2025-05-16,Housekeeping,68.41,9
814,2025-05-16,Maintenance,26.43,3
815,2025-05-16,Sales,21.87,3
816,2025-05-16,Admin,26.46,3
817,2025-05-17,Rooms,69.28,9
818,2025-05-17,Food & Beverage,66.15,8
819,2025-05-17,Housekeeping,66.55,8
820,2025-05-17,Maintenance,26.67,3
821,2025-05-17,Sales,20.89,3
822,2025-05-17,Admin,26.01,3
823,2025-05-18,Rooms,64.32,8
824,2025-05-18,Food & Beverage,65.71,8
825,2025-05-18,Housekeeping,60.52,8
826,2025-05-18,Maintenance,27.87,3
827,2025-05-18,Sales,30.15,4
828,2025-05-18,Admin,21.09,3
829,2025-05-19,Rooms,66.52,8
830,2025-05-19,Food & Beverage,61.62,8
831,2025-05-19,Housekeeping,61.95,8
832,2025-05-19,Maintenance,24.96,3
833,2025-05-19,Sales,31.08,4
834,2025-05-19,Admin,25.98,3
835,2025-05-20,Rooms,64.66,8
836,2025-05-20,Food & Beverage,64.55,8
837,2025-05-20,Housekeeping,76.76,10
838,2025-05-20,Maintenance,29.32,4
839,2025-05-20,Sales,23.82,3
840,2025-05-20,Admin,25.46,3
841,2025-05-21,Rooms,71.18,9
842,2025-05-21,Food & Beverage,71.85,9
843,2025-05-21,Housekeeping,54.79,7
844,2025-05-21,Maintenance,24.28,3
845,2025-05-21,Sales,24.72,3
846,2025-05-21,Admin,24.24,3
847,2025-05-22,Rooms,66.5,8
848,2025-05-22,Food & Beverage,66.1,8
849,2025-05-22,Housekeeping,62.02,8
850,2025-05-22,Maintenance,29.79,4
851,2025-05-22,Sales,22.45,3
852,2025-05-22,Admin,27.04,3
853,2025-05-23,Rooms,63.92,8
854,2025-05-23,Food & Beverage,66.07,8
855,2025-05-23,Housekeeping,57.5,7
856,2025-05-23,Maintenance,26.21,3
857,2025-05-23,Sales,30.94,4
858,2025-05-23,Admin,26.41,3
859,2025-05-24,Rooms,58.59,7
860,2025-05-24,Food & Beverage,72.86,9
861,2025-05-24,Housekeeping,66.74,8
862,2025-05-24,Maintenance,23.28,3
863,2025-05-24,Sales,22.11,3
864,2025-05-24,Admin,28.22,4
865,2025-05-25,Rooms,66.83,8
866,2025-05-25,Food & Beverage,62.1,8
867,2025-05-25,Housekeeping,59.61,7
868,2025-05-25,Maintenance,22.95,3
869,2025-05-25,Sales,27.35,3
870,2025-05-25,Admin,26.26,3
871,2025-05-26,Rooms,59.3,7
872,2025-05-26,Food & Beverage,55.35,7
873,2025-05-26,Housekeeping,64.93,8
874,2025-05-26,Maintenance,24.81,3
875,2025-05-26,Sales,23.39,3
876,2025-05-26,Admin,23.58,3
877,2025-05-27,Rooms,58.12,7
878,2025-05-27,Food & Beverage,69.56,9
879,2025-05-27,Housekeeping,60.63,8
880,2025-05-27,Maintenance,34.1,4
881,2025-05-27,Sales,23.54,3
882,2025-05-27,Admin,25.59,3
883,2025-05-28,Rooms,68.45,9
884,2025-05-28,Food & Beverage,66.32,8
885,2025-05-28,Housekeeping,66.94,8
886,2025-05-28,Maintenance,25.69,3
887,2025-05-28,Sales,28.14,4
888,2025-05-28,Admin,29.1,4
889,2025-05-29,Rooms,59.89,7
890,2025-05-29,Food & Beverage,59.66,7
891,2025-05-29,Housekeeping,67.45,8
892,2025-05-29,Maintenance,24.89,3
893,2025-05-29,Sales,24.81,3
894,2025-05-29,Admin,24.15,3
895,2025-05-30,Rooms,63.41,8
896,2025-05-30,Food & Beverage,68.05,9
897,2025-05-30,Housekeeping,71.69,9
898,2025-05-30,Maintenance,27.44,3
899,2025-05-30,Sales,26.26,3
900,2025-05-30,Admin,24.98,3
901,2025-05-31,Rooms,63.56,8
902,2025-05-31,Food & Beverage,68.33,9
903,2025-05-31,Housekeeping,66.98,8
904,2025-05-31,Maintenance,22.48,3
905,2025-05-31,Sales,26.27,3
906,2025-05-31,Admin,26.26,3
907,2025-06-01,Rooms,50.7,6
908,2025-06-01,Food & Beverage,49.65,6
909,2025-06-01,Housekeeping,48.36,6
910,2025-06-01,Maintenance,23.87,3
911,2025-06-01,Sales,22.07,3
912,2025-06-01,Admin,21.18,3
913,2025-06-02,Rooms,54.3,7
914,2025-06-02,Food & Beverage,56.7,7
915,2025-06-02,Housekeeping,45.67,6
916,2025-06-02,Maintenance,20.18,3
917,2025-06-02,Sales,24.05,3
918,2025-06-02,Admin,20.43,3
919,2025-06-03,Rooms,56.96,7
920,2025-06-03,Food & Beverage,59.19,7
921,2025-06-03,Housekeeping,57.16,7
922,2025-06-03,Maintenance,21.72,3
923,2025-06-03,Sales,22.19,3
924,2025-06-03,Admin,20.65,3
925,2025-06-04,Rooms,52.25,7
926,2025-06-04,Food & Beverage,53.6,7
927,2025-06-04,Housekeeping,53.38,7
928,2025-06-04,Maintenance,20.98,3
929,2025-06-04,Sales,19.98,2
930,2025-06-04,Admin,20.56,3
931,2025-06-05,Rooms,41.55,5
932,2025-06-05,Food & Beverage,53.05,7
933,2025-06-05,Housekeeping,49.38,6
934,2025-06-05,Maintenance,20.64,3
935,2025-06-05,Sales,27.21,3
936,2025-06-05,Admin,23.36,3
937,2025-06-06,Rooms,53.46,7
938,2025-06-06,Food & Beverage,55.22,7
939,2025-06-06,Housekeeping,45.98,6
940,2025-06-06,Maintenance,20.31,3
941,2025-06-06,Sales,19.1,2
942,2025-06-06,Admin,22.22,3
943,2025-06-07,Rooms,49.69,6
944,2025-06-07,Food & Beverage,49.65,6
945,2025-06-07,Housekeeping,52.41,7
946,2025-06-07,Maintenance,23.8,3
947,2025-06-07,Sales,23.95,3
948,2025-06-07,Admin,22.42,3
949,2025-06-08,Rooms,57.27,7
950,2025-06-08,Food & Beverage,50.02,6
951,2025-06-08,Housekeeping,52.85,7
952,2025-06-08,Maintenance,23.18,3
953,2025-06-08,Sales,20.38,3
954,2025-06-08,Admin,21.81,3
955,2025-06-09,Rooms,66.72,8
956,2025-06-09,Food & Beverage,53.46,7
957,2025-06-09,Housekeeping,58.25,7
958,2025-06-09,Maintenance,20.4,3
959,2025-06-09,Sales,22.83,3
960,2025-06-09,Admin,25.36,3
961,2025-06-10,Rooms,47.14,6
962,2025-06-10,Food & Beverage,53.84,7
963,2025-06-10,Housekeeping,57.55,7
964,2025-06-10,Maintenance,21.46,3
965,2025-06-10,Sales,16.39,2
966,2025-06-10,Admin,18.3,2
967,2025-06-11,Rooms,57.44,7
968,2025-06-11,Food & Beverage,59.48,7
969,2025-06-11,Housekeeping,50.02,6
970,2025-06-11,Maintenance,19.86,2
971,2025-06-11,Sales,22.37,3
972,2025-06-11,Admin,17.21,2
973,2025-06-12,Rooms,59.04,7
974,2025-06-12,Food & Beverage,49.37,6
975,2025-06-12,Housekeeping,48.78,6
976,2025-06-12,Maintenance,22.19,3
977,2025-06-12,Sales,20.87,3
978,2025-06-12,Admin,20.98,3
979,2025-06-13,Rooms,55.35,7
980,2025-06-13,Food & Beverage,56.98,7
981,2025-06-13,Housekeeping,45.87,6
982,2025-06-13,Maintenance,20.32,3
983,2025-06-13,Sales,21.74,3
984,2025-06-13,Admin,18.03,2
985,2025-06-14,Rooms,53.61,7
986,2025-06-14,Food & Beverage,55.71,7
987,2025-06-14,Housekeeping,61.76,8
988,2025-06-14,Maintenance,22.89,3
989,2025-06-14,Sales,19.87,2
990,2025-06-14,Admin,23.09,3
991,2025-06-15,Rooms,41.7,5
992,2025-06-15,Food & Beverage,46.28,6
993,2025-06-15,Housekeeping,49.53,6
994,2025-06-15,Maintenance,20.63,3
995,2025-06-15,Sales,20.52,3
996,2025-06-15,Admin,21.21,3
997,2025-06-16,Rooms,55.66,7
998,2025-06-16,Food & Beverage,57.39,7
999,2025-06-16,Housekeeping,59.48,7
1000,2025-06-16,Maintenance,19.83,2
1001,2025-06-16,Sales,23.37,3
1002,2025-06-16,Admin,24.22,3
1003,2025-06-17,Rooms,49.18,6
1004,2025-06-17,Food & Beverage,53.09,7
1005,2025-06-17,Housekeeping,52.91,7
1006,2025-06-17,Maintenance,17.15,2
1007,2025-06-17,Sales,20.58,3
1008,2025-06-17,Admin,21.54,3
1009,2025-06-18,Rooms,59.19,7
1010,2025-06-18,Food & Beverage,57.06,7
1011,2025-06-18,Housekeeping,50.88,6
1012,2025-06-18,Maintenance,21.68,3
1013,2025-06-18,Sales,20.88,3
1014,2025-06-18,Admin,23.84,3
1015,2025-06-19,Rooms,51.44,6
1016,2025-06-19,Food & Beverage,57.89,7
1017,2025-06-19,Housekeeping,42.5,5
1018,2025-06-19,Maintenance,23.96,3
1019,2025-06-19,Sales,23.07,3
1020,2025-06-19,Admin,20.25,3
1021,2025-06-20,Rooms,49.46,6
1022,2025-06-20,Food & Beverage,53.19,7
1023,2025-06-20,Housekeeping,49.02,6
1024,2025-06-20,Maintenance,22.08,3
1025,2025-06-20,Sales,25.08,3
1026,2025-06-20,Admin,18.03,2
1027,2025-06-21,Rooms,56.36,7
1028,2025-06-21,Food & Beverage,55.84,7
1029,2025-06-21,Housekeeping,48.82,6
1030,2025-06-21,Maintenance,22.33,3
1031,2025-06-21,Sales,19.66,2
1032,2025-06-21,Admin,19.7,2
1033,2025-06-22,Rooms,52.51,7
1034,2025-06-22,Food & Beverage,54.28,7
1035,2025-06-22,Housekeeping,61.17,8
1036,2025-06-22,Maintenance,23.01,3
1037,2025-06-22,Sales,24.96,3
1038,2025-06-22,Admin,26.04,3
1039,2025-06-23,Rooms,59.97,7
1040,2025-06-23,Food & Beverage,49.82,6
1041,2025-06-23,Housekeeping,60.48,8
1042,2025-06-23,Maintenance,22.36,3
1043,2025-06-23,Sales,22.95,3
1044,2025-06-23,Admin,21.72,3
1045,2025-06-24,Rooms,49.33,6
1046,2025-06-24,Food & Beverage,56.5,7
1047,2025-06-24,Housekeeping,45.99,6
1048,2025-06-24,Maintenance,22.39,3
1049,2025-06-24,Sales,18.24,2
1050,2025-06-24,Admin,21.69,3
1051,2025-06-25,Rooms,48.16,6
1052,2025-06-25,Food & Beverage,56.57,7
1053,2025-06-25,Housekeeping,51.88,6
1054,2025-06-25,Maintenance,21.71,3
1055,2025-06-25,Sales,22.14,3
1056,2025-06-25,Admin,18.19,2
1057,2025-06-26,Rooms,53.44,7
1058,2025-06-26,Food & Beverage,56.76,7
1059,2025-06-26,Housekeeping,51.15,6
1060,2025-06-26,Maintenance,19.72,2
1061,2025-06-26,Sales,22.13,3
1062,2025-06-26,Admin,19.86,2
1063,2025-06-27,Rooms,43.14,5
1064,2025-06-27,Food & Beverage,56.52,7
1065,2025-06-27,Housekeeping,52.26,7
1066,2025-06-27,Maintenance,24.47,3
1067,2025-06-27,Sales,23.51,3
1068,2025-06-27,Admin,26.27,3
1069,2025-06-28,Rooms,56.44,7
1070,2025-06-28,Food & Beverage,58.83,7
1071,2025-06-28,Housekeeping,41.95,5
1072,2025-06-28,Maintenance,20.43,3
1073,2025-06-28,Sales,22.71,3
1074,2025-06-28,Admin,22.34,3
1075,2025-06-29,Rooms,52.82,7
1076,2025-06-29,Food & Beverage,46.63,6
1077,2025-06-29,Housekeeping,53.47,7
1078,2025-06-29,Maintenance,20.02,3
1079,2025-06-29,Sales,20.08,3
1080,2025-06-29,Admin,20.65,3
1081,2025-06-30,Rooms,51.52,6
1082,2025-06-30,Food & Beverage,51.34,6
1083,2025-06-30,Housekeeping,56.05,7
1084,2025-06-30,Maintenance,18.18,2
1085,2025-06-30,Sales,27.56,3
1086,2025-06-30,Admin,26.11,3
1087,2025-07-01,Rooms,69.15,9
1088,2025-07-01,Food & Beverage,66.3,8
1089,2025-07-01,Housekeeping,82.93,10
1090,2025-07-01,Maintenance,36.37,5
1091,2025-07-01,Sales,37.21,5
1092,2025-07-01,Admin,33.36,4
1093,2025-07-02,Rooms,85.74,11
1094,2025-07-02,Food & Beverage,70.34,9
1095,2025-07-02,Housekeeping,84.94,11
1096,2025-07-02,Maintenance,30.03,4
1097,2025-07-02,Sales,40.67,5
1098,2025-07-02,Admin,31.71,4
1099,2025-07-03,Rooms,76.28,10
1100,2025-07-03,Food & Beverage,63.31,8
1101,2025-07-03,Housekeeping,61.77,8
1102,2025-07-03,Maintenance,35.73,4
1103,2025-07-03,Sales,31.65,4
1104,2025-07-03,Admin,29.69,4
1105,2025-07-04,Rooms,78.58,10
1106,2025-07-04,Food & Beverage,77.64,10
1107,2025-07-04,Housekeeping,80.96,10
1108,2025-07-04,Maintenance,29.74,4
1109,2025-07-04,Sales,34.09,4
1110,2025-07-04,Admin,31.15,4
1111,2025-07-05,Rooms,83.5,10
1112,2025-07-05,Food & Beverage,91.49,11
1113,2025-07-05,Housekeeping,73.77,9
1114,2025-07-05,Maintenance,31.07,4
1115,2025-07-05,Sales,30.46,4
1116,2025-07-05,Admin,30.82,4
1117,2025-07-06,Rooms,80.23,10
1118,2025-07-06,Food & Beverage,87.55,11
1119,2025-07-06,Housekeeping,86.42,11
1120,2025-07-06,Maintenance,31.55,4
1121,2025-07-06,Sales,33.44,4
1122,2025-07-06,Admin,28.7,4
1123,2025-07-07,Rooms,72.06,9
1124,2025-07-07,Food & Beverage,94.64,12
1125,2025-07-07,Housekeeping,95.13,12
1126,2025-07-07,Maintenance,38.73,5
1127,2025-07-07,Sales,32.09,4
1128,2025-07-07,Admin,32.42,4
1129,2025-07-08,Rooms,72.27,9
1130,2025-07-08,Food & Beverage,77.63,10
1131,2025-07-08,Housekeeping,69.02,9
1132,2025-07-08,Maintenance,32.39,4
1133,2025-07-08,Sales,32.83,4
1134,2025-07-08,Admin,28.18,4
1135,2025-07-09,Rooms,87.2,11
1136,2025-07-09,Food & Beverage,75.93,9
1137,2025-07-09,Housekeeping,76.55,10
1138,2025-07-09,Maintenance,35.35,4
1139,2025-07-09,Sales,35.02,4
1140,2025-07-09,Admin,32.04,4
1141,2025-07-10,Rooms,70.29,9
1142,2025-07-10,Food & Beverage,77.61,10
1143,2025-07-10,Housekeeping,90.72,11
1144,2025-07-10,Maintenance,33.5,4
1145,2025-07-10,Sales,33.8,4
1146,2025-07-10,Admin,26.96,3
1147,2025-07-11,Rooms,84.43,11
1148,2025-07-11,Food & Beverage,73.91,9
1149,2025-07-11,Housekeeping,86.43,11
1150,2025-07-11,Maintenance,29.93,4
1151,2025-07-11,Sales,31.1,4
1152,2025-07-11,Admin,31.61,4
1153,2025-07-12,Rooms,71.44,9
1154,2025-07-12,Food & Beverage,93.4,12
1155,2025-07-12,Housekeeping,67.08,8
1156,2025-07-12,Maintenance,29.21,4
1157,2025-07-12,Sales,31.78,4
1158,2025-07-12,Admin,26.39,3
1159,2025-07-13,Rooms,84.57,11
1160,2025-07-13,Food & Beverage,73.85,9
1161,2025-07-13,Housekeeping,79.9,10
1162,2025-07-13,Maintenance,34.3,4
1163,2025-07-13,Sales,32.92,4
1164,2025-07-13,Admin,34.5,4
1165,2025-07-14,Rooms,94.51,12
1166,2025-07-14,Food & Beverage,95.66,12
1167,2025-07-14,Housekeeping,74.32,9
1168,2025-07-14,Maintenance,29.71,4
1169,2025-07-14,Sales,30.04,4
1170,2025-07-14,Admin,28.4,4
1171,2025-07-15,Rooms,69.85,9
1172,2025-07-15,Food & Beverage,79.21,10
1173,2025-07-15,Housekeeping,74.2,9
1174,2025-07-15,Maintenance,31.92,4
1175,2025-07-15,Sales,28.04,4
1176,2025-07-15,Admin,32.36,4
1177,2025-07-16,Rooms,78.09,10
1178,2025-07-16,Food & Beverage,75.31,9
1179,2025-07-16,Housekeeping,83.65,10
1180,2025-07-16,Maintenance,32.37,4
1181,2025-07-16,Sales,32.47,4
1182,2025-07-16,Admin,34.04,4
1183,2025-07-17,Rooms,78.88,10
1184,2025-07-17,Food & Beverage,88.04,11
1185,2025-07-17,Housekeeping,86.23,11
1186,2025-07-17,Maintenance,37.5,5
1187,2025-07-17,Sales,32.65,4
1188,2025-07-17,Admin,37.08,5
1189,2025-07-18,Rooms,93.99,12
1190,2025-07-18,Food & Beverage,89.7,11
1191,2025-07-18,Housekeeping,85.7,11
1192,2025-07-18,Maintenance,32.4,4
1193,2025-07-18,Sales,29.77,4
1194,2025-07-18,Admin,39.35,5
1195,2025-07-19,Rooms,83.44,10
1196,2025-07-19,Food & Beverage,79.47,10
1197,2025-07-19,Housekeeping,78.8,10
1198,2025-07-19,Maintenance,30.18,4
1199,2025-07-19,Sales,32.88,4
1200,2025-07-19,Admin,34.84,4
1201,2025-07-20,Rooms,83.63,10
1202,2025-07-20,Food & Beverage,86.34,11
1203,2025-07-20,Housekeeping,73.9,9
1204,2025-07-20,Maintenance,31.74,4
1205,2025-07-20,Sales,30.34,4
1206,2025-07-20,Admin,33.5,4
1207,2025-07-21,Rooms,68.33,9
1208,2025-07-21,Food & Beverage,86.29,11
1209,2025-07-21,Housekeeping,76.48,10
1210,2025-07-21,Maintenance,30.52,4
1211,2025-07-21,Sales,34.32,4
1212,2025-07-21,Admin,30.08,4
1213,2025-07-22,Rooms,61.9,8
1214,2025-07-22,Food & Beverage,76.6,10
1215,2025-07-22,Housekeeping,76.26,10
1216,2025-07-22,Maintenance,30.0,4
1217,2025-07-22,Sales,26.9,3
1218,2025-07-22,Admin,31.59,4
1219,2025-07-23,Rooms,79.87,10
1220,2025-07-23,Food & Beverage,86.11,11
1221,2025-07-23,Housekeeping,98.76,12
1222,2025-07-23,Maintenance,22.22,3
1223,2025-07-23,Sales,31.32,4
1224,2025-07-23,Admin,35.72,4
1225,2025-07-24,Rooms,90.39,11
1226,2025-07-24,Food & Beverage,80.02,10
1227,2025-07-24,Housekeeping,75.97,9
1228,2025-07-24,Maintenance,33.32,4
1229,2025-07-24,Sales,28.33,4
1230,2025-07-24,Admin,38.27,5
1231,2025-07-25,Rooms,100.97,13
1232,2025-07-25,Food & Beverage,99.56,12
1233,2025-07-25,Housekeeping,87.37,11
1234,2025-07-25,Maintenance,27.03,3
1235,2025-07-25,Sales,30.68,4
1236,2025-07-25,Admin,32.87,4
1237,2025-07-26,Rooms,78.14,10
1238,2025-07-26,Food & Beverage,71.34,9
1239,2025-07-26,Housekeeping,79.24,10
1240,2025-07-26,Maintenance,32.87,4
1241,2025-07-26,Sales,30.13,4
1242,2025-07-26,Admin,35.86,4
1243,2025-07-27,Rooms,73.53,9
1244,2025-07-27,Food & Beverage,76.99,10
1245,2025-07-27,Housekeeping,69.23,9
1246,2025-07-27,Maintenance,33.08,4
1247,2025-07-27,Sales,31.5,4
1248,2025-07-27,Admin,34.46,4
1249,2025-07-28,Rooms,93.12,12
1250,2025-07-28,Food & Beverage,75.28,9
1251,2025-07-28,Housekeeping,66.21,8
1252,2025-07-28,Maintenance,39.75,5
1253,2025-07-28,Sales,32.13,4
1254,2025-07-28,Admin,31.83,4
1255,2025-07-29,Rooms,92.47,12
1256,2025-07-29,Food & Beverage,77.04,10
1257,2025-07-29,Housekeeping,85.65,11
1258,2025-07-29,Maintenance,35.17,4
1259,2025-07-29,Sales,30.03,4
1260,2025-07-29,Admin,32.5,4
1261,2025-07-30,Rooms,89.23,11
1262,2025-07-30,Food & Beverage,74.61,9
1263,2025-07-30,Housekeeping,82.33,10
1264,2025-07-30,Maintenance,35.85,4
1265,2025-07-30,Sales,30.24,4
1266,2025-07-30,Admin,32.73,4
1267,2025-07-31,Rooms,87.24,11
1268,2025-07-31,Food & Beverage,71.53,9
1269,2025-07-31,Housekeeping,88.82,11
1270,2025-07-31,Maintenance,34.09,4
1271,2025-07-31,Sales,32.23,4
1272,2025-07-31,Admin,36.41,5
1273,2025-08-01,Rooms,84.24,11
1274,2025-08-01,Food & Beverage,75.24,9
1275,2025-08-01,Housekeeping,92.26,12
1276,2025-08-01,Maintenance,33.97,4
1277,2025-08-01,Sales,31.28,4
1278,2025-08-01,Admin,32.78,4
1279,2025-08-02,Rooms,83.3,10
1280,2025-08-02,Food & Beverage,83.7,10
1281,2025-08-02,Housekeeping,71.97,9
1282,2025-08-02,Maintenance,31.32,4
1283,2025-08-02,Sales,34.45,4
1284,2025-08-02,Admin,35.66,4
1285,2025-08-03,Rooms,85.19,11
1286,2025-08-03,Food & Beverage,68.03,9
1287,2025-08-03,Housekeeping,71.6,9
1288,2025-08-03,Maintenance,34.78,4
1289,2025-08-03,Sales,33.01,4
1290,2025-08-03,Admin,32.82,4
1291,2025-08-04,Rooms,87.54,11
1292,2025-08-04,Food & Beverage,83.84,10
1293,2025-08-04,Housekeeping,92.02,12
1294,2025-08-04,Maintenance,34.48,4
1295,2025-08-04,Sales,40.66,5
1296,2025-08-04,Admin,27.32,3
1297,2025-08-05,Rooms,80.88,10
1298,2025-08-05,Food & Beverage,82.48,10
1299,2025-08-05,Housekeeping,86.03,11
1300,2025-08-05,Maintenance,38.74,5
1301,2025-08-05,Sales,33.55,4
1302,2025-08-05,Admin,30.08,4
1303,2025-08-06,Rooms,86.07,11
1304,2025-08-06,Food & Beverage,78.45,10
1305,2025-08-06,Housekeeping,97.27,12
1306,2025-08-06,Maintenance,30.12,4
1307,2025-08-06,Sales,25.28,3
1308,2025-08-06,Admin,30.64,4
1309,2025-08-07,Rooms,75.5,9
1310,2025-08-07,Food & Beverage,89.33,11
1311,2025-08-07,Housekeeping,85.6,11
1312,2025-08-07,Maintenance,31.84,4
1313,2025-08-07,Sales,27.1,3
1314,2025-08-07,Admin,33.31,4
1315,2025-08-08,Rooms,63.08,8
1316,2025-08-08,Food & Beverage,81.27,10
1317,2025-08-08,Housekeeping,75.4,9
1318,2025-08-08,Maintenance,37.73,5
1319,2025-08-08,Sales,36.47,5
1320,2025-08-08,Admin,34.66,4
1321,2025-08-09,Rooms,83.68,10
1322,2025-08-09,Food & Beverage,82.44,10
1323,2025-08-09,Housekeeping,80.82,10
1324,2025-08-09,Maintenance,35.54,4
1325,2025-08-09,Sales,33.88,4
1326,2025-08-09,Admin,36.07,5
1327,2025-08-10,Rooms,91.19,11
1328,2025-08-10,Food & Beverage,73.84,9
1329,2025-08-10,Housekeeping,81.37,10
1330,2025-08-10,Maintenance,32.3,4
1331,2025-08-10,Sales,30.0,4
1332,2025-08-10,Admin,33.05,4
1333,2025-08-11,Rooms,83.76,10
1334,2025-08-11,Food & Beverage,80.51,10
1335,2025-08-11,Housekeeping,71.44,9
1336,2025-08-11,Maintenance,33.43,4
1337,2025-08-11,Sales,33.77,4
1338,2025-08-11,Admin,30.94,4
1339,2025-08-12,Rooms,68.3,9
1340,2025-08-12,Food & Beverage,81.54,10
1341,2025-08-12,Housekeeping,77.23,10
1342,2025-08-12,Maintenance,28.99,4
1343,2025-08-12,Sales,33.52,4
1344,2025-08-12,Admin,29.71,4
1345,2025-08-13,Rooms,82.04,10
1346,2025-08-13,Food & Beverage,79.07,10
1347,2025-08-13,Housekeeping,87.08,11
1348,2025-08-13,Maintenance,33.54,4
1349,2025-08-13,Sales,37.12,5
1350,2025-08-13,Admin,32.86,4
1351,2025-08-14,Rooms,73.57,9
1352,2025-08-14,Food & Beverage,75.78,9
1353,2025-08-14,Housekeeping,97.34,12
1354,2025-08-14,Maintenance,35.9,4
1355,2025-08-14,Sales,36.4,5
1356,2025-08-14,Admin,30.56,4
1357,2025-08-15,Rooms,83.32,10
1358,2025-08-15,Food & Beverage,81.81,10
1359,2025-08-15,Housekeeping,82.55,10
1360,2025-08-15,Maintenance,35.46,4
1361,2025-08-15,Sales,34.13,4
1362,2025-08-15,Admin,31.42,4
1363,2025-08-16,Rooms,90.48,11
1364,2025-08-16,Food & Beverage,84.89,11
1365,2025-08-16,Housekeeping,71.71,9
1366,2025-08-16,Maintenance,28.5,4
1367,2025-08-16,Sales,36.9,5
1368,2025-08-16,Admin,36.02,5
1369,2025-08-17,Rooms,74.44,9
1370,2025-08-17,Food & Beverage,72.78,9
1371,2025-08-17,Housekeeping,86.74,11
1372,2025-08-17,Maintenance,37.22,5
1373,2025-08-17,Sales,31.47,4
1374,2025-08-17,Admin,30.55,4
1375,2025-08-18,Rooms,64.93,8
1376,2025-08-18,Food & Beverage,77.09,10
1377,2025-08-18,Housekeeping,96.75,12
1378,2025-08-18,Maintenance,33.21,4
1379,2025-08-18,Sales,31.0,4
1380,2025-08-18,Admin,29.89,4
1381,2025-08-19,Rooms,78.28,10
1382,2025-08-19,Food & Beverage,76.46,10
1383,2025-08-19,Housekeeping,85.41,11
1384,2025-08-19,Maintenance,31.35,4
1385,2025-08-19,Sales,35.57,4
1386,2025-08-19,Admin,33.54,4
1387,2025-08-20,Rooms,80.79,10
1388,2025-08-20,Food & Beverage,64.17,8
1389,2025-08-20,Housekeeping,102.46,13
1390,2025-08-20,Maintenance,32.41,4
1391,2025-08-20,Sales,34.1,4
1392,2025-08-20,Admin,31.91,4
1393,2025-08-21,Rooms,91.35,11
1394,2025-08-21,Food & Beverage,66.02,8
1395,2025-08-21,Housekeeping,85.87,11
1396,2025-08-21,Maintenance,25.09,3
1397,2025-08-21,Sales,33.76,4
1398,2025-08-21,Admin,35.14,4
1399,2025-08-22,Rooms,84.24,11
1400,2025-08-22,Food & Beverage,82.75,10
1401,2025-08-22,Housekeeping,83.02,10
1402,2025-08-22,Maintenance,29.91,4
1403,2025-08-22,Sales,34.6,4
1404,2025-08-22,Admin,28.26,4
1405,2025-08-23,Rooms,81.34,10
1406,2025-08-23,Food & Beverage,87.55,11
1407,2025-08-23,Housekeeping,87.27,11
1408,2025-08-23,Maintenance,30.63,4
1409,2025-08-23,Sales,32.08,4
1410,2025-08-23,Admin,32.42,4
1411,2025-08-24,Rooms,71.58,9
1412,2025-08-24,Food & Beverage,79.01,10
1413,2025-08-24,Housekeeping,87.59,11
1414,2025-08-24,Maintenance,40.82,5
1415,2025-08-24,Sales,34.65,4
1416,2025-08-24,Admin,38.04,5
1417,2025-08-25,Rooms,97.96,12
1418,2025-08-25,Food & Beverage,79.36,10
1419,2025-08-25,Housekeeping,84.46,11
1420,2025-08-25,Maintenance,33.98,4
1421,2025-08-25,Sales,33.44,4
1422,2025-08-25,Admin,28.54,4
1423,2025-08-26,Rooms,85.91,11
1424,2025-08-26,Food & Beverage,85.86,11
1425,2025-08-26,Housekeeping,81.45,10
1426,2025-08-26,Maintenance,38.75,5
1427,2025-08-26,Sales,38.55,5
1428,2025-08-26,Admin,30.68,4
1429,2025-08-27,Rooms,85.0,11
1430,2025-08-27,Food & Beverage,88.24,11
1431,2025-08-27,Housekeeping,78.87,10
1432,2025-08-27,Maintenance,31.36,4
1433,2025-08-27,Sales,33.98,4
1434,2025-08-27,Admin,29.56,4
1435,2025-08-28,Rooms,81.69,10
1436,2025-08-28,Food & Beverage,82.71,10
1437,2025-08-28,Housekeeping,84.37,11
1438,2025-08-28,Maintenance,34.27,4
1439,2025-08-28,Sales,29.26,4
1440,2025-08-28,Admin,31.16,4
1441,2025-08-29,Rooms,82.4,10
1442,2025-08-29,Food & Beverage,73.99,9
1443,2025-08-29,Housekeeping,93.88,12
1444,2025-08-29,Maintenance,37.45,5
1445,2025-08-29,Sales,33.32,4
1446,2025-08-29,Admin,33.62,4
1447,2025-08-30,Rooms,80.19,10
1448,2025-08-30,Food & Beverage,93.84,12
1449,2025-08-30,Housekeeping,78.55,10
1450,2025-08-30,Maintenance,34.15,4
1451,2025-08-30,Sales,32.99,4
1452,2025-08-30,Admin,34.42,4
1453,2025-08-31,Rooms,77.42,10
1454,2025-08-31,Food & Beverage,79.34,10
1455,2025-08-31,Housekeeping,86.96,11
1456,2025-08-31,Maintenance,33.27,4
1457,2025-08-31,Sales,34.05,4
1458,2025-08-31,Admin,30.98,4
1459,2025-09-01,Rooms,63.74,8
1460,2025-09-01,Food & Beverage,63.05,8
1461,2025-09-01,Housekeeping,57.03,7
1462,2025-09-01,Maintenance,19.27,2
1463,2025-09-01,Sales,24.61,3
1464,2025-09-01,Admin,19.75,2
1465,2025-09-02,Rooms,50.52,6
1466,2025-09-02,Food & Beverage,52.18,7
1467,2025-09-02,Housekeeping,55.63,7
1468,2025-09-02,Maintenance,22.97,3
1469,2025-09-02,Sales,20.48,3
1470,2025-09-02,Admin,21.59,3
1471,2025-09-03,Rooms,39.59,5
1472,2025-09-03,Food & Beverage,57.62,7
1473,2025-09-03,Housekeeping,49.36,6
1474,2025-09-03,Maintenance,24.7,3
1475,2025-09-03,Sales,18.9,2
1476,2025-09-03,Admin,24.11,3
1477,2025-09-04,Rooms,50.27,6
1478,2025-09-04,Food & Beverage,42.09,5
1479,2025-09-04,Housekeeping,46.95,6
1480,2025-09-04,Maintenance,19.28,2
1481,2025-09-04,Sales,21.42,3
1482,2025-09-04,Admin,25.15,3
1483,2025-09-05,Rooms,55.93,7
1484,2025-09-05,Food & Beverage,54.34,7
1485,2025-09-05,Housekeeping,51.49,6
1486,2025-09-05,Maintenance,24.3,3
1487,2025-09-05,Sales,22.94,3
1488,2025-09-05,Admin,21.64,3
1489,2025-09-06,Rooms,54.6,7
1490,2025-09-06,Food & Beverage,59.66,7
1491,2025-09-06,Housekeeping,47.89,6
1492,2025-09-06,Maintenance,26.21,3
1493,2025-09-06,Sales,20.97,3
1494,2025-09-06,Admin,24.44,3
1495,2025-09-07,Rooms,57.31,7
1496,2025-09-07,Food & Beverage,51.72,6
1497,2025-09-07,Housekeeping,45.96,6
1498,2025-09-07,Maintenance,20.67,3
1499,2025-09-07,Sales,20.77,3
1500,2025-09-07,Admin,23.03,3
1501,2025-09-08,Rooms,46.66,6
1502,2025-09-08,Food & Beverage,57.84,7
1503,2025-09-08,Housekeeping,48.85,6
1504,2025-09-08,Maintenance,20.27,3
1505,2025-09-08,Sales,18.15,2
1506,2025-09-08,Admin,19.6,2
1507,2025-09-09,Rooms,52.11,7
1508,2025-09-09,Food & Beverage,48.73,6
1509,2025-09-09,Housekeeping,61.26,8
1510,2025-09-09,Maintenance,23.83,3
1511,2025-09-09,Sales,22.67,3
1512,2025-09-09,Admin,22.93,3
1513,2025-09-10,Rooms,48.71,6
1514,2025-09-10,Food & Beverage,56.11,7
1515,2025-09-10,Housekeeping,56.72,7
1516,2025-09-10,Maintenance,20.51,3
1517,2025-09-10,Sales,21.41,3
1518,2025-09-10,Admin,21.62,3
1519,2025-09-11,Rooms,55.09,7
1520,2025-09-11,Food & Beverage,55.21,7
1521,2025-09-11,Housekeeping,43.76,5
1522,2025-09-11,Maintenance,23.39,3
1523,2025-09-11,Sales,19.87,2
1524,2025-09-11,Admin,24.84,3
1525,2025-09-12,Rooms,61.71,8
1526,2025-09-12,Food & Beverage,56.51,7
1527,2025-09-12,Housekeeping,57.11,7
1528,2025-09-12,Maintenance,19.48,2
1529,2025-09-12,Sales,21.07,3
1530,2025-09-12,Admin,18.17,2
1531,2025-09-13,Rooms,56.34,7
1532,2025-09-13,Food & Beverage,44.35,6
1533,2025-09-13,Housekeeping,54.31,7
1534,2025-09-13,Maintenance,22.01,3
1535,2025-09-13,Sales,19.23,2
1536,2025-09-13,Admin,22.32,3
1537,2025-09-14,Rooms,56.52,7
1538,2025-09-14,Food & Beverage,54.02,7
1539,2025-09-14,Housekeeping,58.97,7
1540,2025-09-14,Maintenance,23.41,3
1541,2025-09-14,Sales,23.12,3
1542,2025-09-14,Admin,22.34,3
1543,2025-09-15,Rooms,56.76,7
1544,2025-09-15,Food & Beverage,55.63,7
1545,2025-09-15,Housekeeping,64.08,8
1546,2025-09-15,Maintenance,19.1,2
1547,2025-09-15,Sales,19.45,2
1548,2025-09-15,Admin,21.71,3
1549,2025-09-16,Rooms,55.1,7
1550,2025-09-16,Food & Beverage,58.31,7
1551,2025-09-16,Housekeeping,42.72,5
1552,2025-09-16,Maintenance,19.71,2
1553,2025-09-16,Sales,25.63,3
1554,2025-09-16,Admin,25.93,3
1555,2025-09-17,Rooms,56.76,7
1556,2025-09-17,Food & Beverage,62.3,8
1557,2025-09-17,Housekeeping,54.42,7
1558,2025-09-17,Maintenance,17.97,2
1559,2025-09-17,Sales,25.02,3
1560,2025-09-17,Admin,25.8,3
1561,2025-09-18,Rooms,50.22,6
1562,2025-09-18,Food & Beverage,58.13,7
1563,2025-09-18,Housekeeping,50.57,6
1564,2025-09-18,Maintenance,23.55,3
1565,2025-09-18,Sales,21.97,3
1566,2025-09-18,Admin,22.51,3
1567,2025-09-19,Rooms,56.57,7
1568,2025-09-19,Food & Beverage,49.37,6
1569,2025-09-19,Housekeeping,51.36,6
1570,2025-09-19,Maintenance,18.89,2
1571,2025-09-19,Sales,21.92,3
1572,2025-09-19,Admin,22.07,3
1573,2025-09-20,Rooms,52.62,7
1574,2025-09-20,Food & Beverage,56.62,7
1575,2025-09-20,Housekeeping,45.81,6
1576,2025-09-20,Maintenance,23.74,3
1577,2025-09-20,Sales,22.31,3
1578,2025-09-20,Admin,20.33,3
1579,2025-09-21,Rooms,58.0,7
1580,2025-09-21,Food & Beverage,45.57,6
1581,2025-09-21,Housekeeping,54.46,7
1582,2025-09-21,Maintenance,22.5,3
1583,2025-09-21,Sales,23.8,3
1584,2025-09-21,Admin,22.6,3
1585,2025-09-22,Rooms,45.1,6
1586,2025-09-22,Food & Beverage,47.91,6
1587,2025-09-22,Housekeeping,54.93,7
1588,2025-09-22,Maintenance,24.83,3
1589,2025-09-22,Sales,22.63,3
1590,2025-09-22,Admin,21.43,3
1591,2025-09-23,Rooms,51.84,6
1592,2025-09-23,Food & Beverage,49.52,6
1593,2025-09-23,Housekeeping,57.88,7
1594,2025-09-23,Maintenance,18.89,2
1595,2025-09-23,Sales,21.47,3
1596,2025-09-23,Admin,24.19,3
1597,2025-09-24,Rooms,54.24,7
1598,2025-09-24,Food & Beverage,44.54,6
1599,2025-09-24,Housekeeping,50.99,6
1600,2025-09-24,Maintenance,21.97,3
1601,2025-09-24,Sales,24.6,3
1602,2025-09-24,Admin,22.08,3
1603,2025-09-25,Rooms,48.01,6
1604,2025-09-25,Food & Beverage,65.84,8
1605,2025-09-25,Housekeeping,58.92,7
1606,2025-09-25,Maintenance,20.37,3
1607,2025-09-25,Sales,23.1,3
1608,2025-09-25,Admin,23.0,3
1609,2025-09-26,Rooms,55.99,7
1610,2025-09-26,Food & Beverage,59.51,7
1611,2025-09-26,Housekeeping,47.28,6
1612,2025-09-26,Maintenance,22.18,3
1613,2025-09-26,Sales,23.93,3
1614,2025-09-26,Admin,20.6,3
1615,2025-09-27,Rooms,61.63,8
1616,2025-09-27,Food & Beverage,63.06,8
1617,2025-09-27,Housekeeping,56.6,7
1618,2025-09-27,Maintenance,22.4,3
1619,2025-09-27,Sales,22.52,3
1620,2025-09-27,Admin,20.44,3
1621,2025-09-28,Rooms,53.42,7
1622,2025-09-28,Food & Beverage,54.9,7
1623,2025-09-28,Housekeeping,52.66,7
1624,2025-09-28,Maintenance,19.2,2
1625,2025-09-28,Sales,19.66,2
1626,2025-09-28,Admin,20.58,3
1627,2025-09-29,Rooms,71.74,9
1628,2025-09-29,Food & Beverage,52.84,7
1629,2025-09-29,Housekeeping,58.73,7
1630,2025-09-29,Maintenance,20.84,3
1631,2025-09-29,Sales,19.78,2
1632,2025-09-29,Admin,21.72,3
1633,2025-09-30,Rooms,63.7,8
1634,2025-09-30,Food & Beverage,50.7,6
1635,2025-09-30,Housekeeping,56.75,7
1636,2025-09-30,Maintenance,26.03,3
1637,2025-09-30,Sales,20.12,3
1638,2025-09-30,Admin,19.78,2
1639,2025-10-01,Rooms,56.54,7
1640,2025-10-01,Food & Beverage,61.73,8
1641,2025-10-01,Housekeeping,55.97,7
1642,2025-10-01,Maintenance,22.55,3
1643,2025-10-01,Sales,28.18,4
1644,2025-10-01,Admin,21.6,3
1645,2025-10-02,Rooms,64.72,8
1646,2025-10-02,Food & Beverage,59.71,7
1647,2025-10-02,Housekeeping,67.61,8
1648,2025-10-02,Maintenance,21.89,3
1649,2025-10-02,Sales,23.52,3
1650,2025-10-02,Admin,30.02,4
1651,2025-10-03,Rooms,53.36,7
1652,2025-10-03,Food & Beverage,61.7,8
1653,2025-10-03,Housekeeping,66.56,8
1654,2025-10-03,Maintenance,21.87,3
1655,2025-10-03,Sales,28.05,4
1656,2025-10-03,Admin,18.93,2
1657,2025-10-04,Rooms,78.61,10
1658,2025-10-04,Food & Beverage,65.43,8
1659,2025-10-04,Housekeeping,70.87,9
1660,2025-10-04,Maintenance,29.78,4
1661,2025-10-04,Sales,24.29,3
1662,2025-10-04,Admin,25.29,3
1663,2025-10-05,Rooms,67.91,8
1664,2025-10-05,Food & Beverage,72.91,9
1665,2025-10-05,Housekeeping,58.65,7
1666,2025-10-05,Maintenance,20.65,3
1667,2025-10-05,Sales,27.02,3
1668,2025-10-05,Admin,21.28,3
1669,2025-10-06,Rooms,58.19,7
1670,2025-10-06,Food & Beverage,60.01,8
1671,2025-10-06,Housekeeping,66.51,8
1672,2025-10-06,Maintenance,25.37,3
1673,2025-10-06,Sales,24.15,3
1674,2025-10-06,Admin,24.72,3
1675,2025-10-07,Rooms,49.4,6
1676,2025-10-07,Food & Beverage,68.14,9
1677,2025-10-07,Housekeeping,64.04,8
1678,2025-10-07,Maintenance,19.57,2
1679,2025-10-07,Sales,18.98,2
1680,2025-10-07,Admin,22.86,3
1681,2025-10-08,Rooms,60.22,8
1682,2025-10-08,Food & Beverage,67.3,8
1683,2025-10-08,Housekeeping,73.36,9
1684,2025-10-08,Maintenance,25.48,3
1685,2025-10-08,Sales,23.39,3
1686,2025-10-08,Admin,26.64,3
1687,2025-10-09,Rooms,77.41,10
1688,2025-10-09,Food & Beverage,54.33,7
1689,2025-10-09,Housekeeping,64.04,8
1690,2025-10-09,Maintenance,25.56,3
1691,2025-10-09,Sales,23.09,3
1692,2025-10-09,Admin,22.71,3
1693,2025-10-10,Rooms,68.56,9
1694,2025-10-10,Food & Beverage,64.63,8
1695,2025-10-10,Housekeeping,59.27,7
1696,2025-10-10,Maintenance,25.47,3
1697,2025-10-10,Sales,25.92,3
1698,2025-10-10,Admin,24.1,3
1699,2025-10-11,Rooms,66.19,8
1700,2025-10-11,Food & Beverage,49.09,6
1701,2025-10-11,Housekeeping,64.96,8
1702,2025-10-11,Maintenance,19.67,2
1703,2025-10-11,Sales,23.62,3
1704,2025-10-11,Admin,23.73,3
1705,2025-10-12,Rooms,52.17,7
1706,2025-10-12,Food & Beverage,63.13,8
1707,2025-10-12,Housekeeping,68.4,9
1708,2025-10-12,Maintenance,29.0,4
1709,2025-10-12,Sales,26.21,3
1710,2025-10-12,Admin,27.33,3
1711,2025-10-13,Rooms,62.62,8
1712,2025-10-13,Food & Beverage,63.1,8
1713,2025-10-13,Housekeeping,61.58,8
1714,2025-10-13,Maintenance,25.13,3
1715,2025-10-13,Sales,19.84,2
1716,2025-10-13,Admin,20.34,3
1717,2025-10-14,Rooms,62.24,8
1718,2025-10-14,Food & Beverage,59.52,7
1719,2025-10-14,Housekeeping,63.33,8
1720,2025-10-14,Maintenance,24.24,3
1721,2025-10-14,Sales,25.54,3
1722,2025-10-14,Admin,24.9,3
1723,2025-10-15,Rooms,61.41,8
1724,2025-10-15,Food & Beverage,61.45,8
1725,2025-10-15,Housekeeping,64.44,8
1726,2025-10-15,Maintenance,24.96,3
1727,2025-10-15,Sales,28.34,4
1728,2025-10-15,Admin,24.16,3
1729,2025-10-16,Rooms,58.4,7
1730,2025-10-16,Food & Beverage,57.17,7
1731,2025-10-16,Housekeeping,64.52,8
1732,2025-10-16,Maintenance,21.23,3
1733,2025-10-16,Sales,20.42,3
1734,2025-10-16,Admin,26.89,3
1735,2025-10-17,Rooms,63.02,8
1736,2025-10-17,Food & Beverage,68.88,9
1737,2025-10-17,Housekeeping,60.15,8
1738,2025-10-17,Maintenance,24.61,3
1739,2025-10-17,Sales,22.29,3
1740,2025-10-17,Admin,28.71,4
1741,2025-10-18,Rooms,60.26,8
1742,2025-10-18,Food & Beverage,65.03,8
1743,2025-10-18,Housekeeping,56.92,7
1744,2025-10-18,Maintenance,23.07,3
1745,2025-10-18,Sales,26.16,3
1746,2025-10-18,Admin,25.26,3
1747,2025-10-19,Rooms,68.16,9
1748,2025-10-19,Food & Beverage,52.02,7
1749,2025-10-19,Housekeeping,61.1,8
1750,2025-10-19,Maintenance,26.04,3
1751,2025-10-19,Sales,21.95,3
1752,2025-10-19,Admin,25.97,3
1753,2025-10-20,Rooms,59.85,7
1754,2025-10-20,Food & Beverage,62.89,8
1755,2025-10-20,Housekeeping,60.56,8
1756,2025-10-20,Maintenance,21.04,3
1757,2025-10-20,Sales,27.0,3
1758,2025-10-20,Admin,25.48,3
1759,2025-10-21,Rooms,56.84,7
1760,2025-10-21,Food & Beverage,70.8,9
1761,2025-10-21,Housekeeping,48.46,6
1762,2025-10-21,Maintenance,23.55,3
1763,2025-10-21,Sales,21.33,3
1764,2025-10-21,Admin,25.09,3
1765,2025-10-22,Rooms,55.07,7
1766,2025-10-22,Food & Beverage,56.14,7
1767,2025-10-22,Housekeeping,66.27,8
1768,2025-10-22,Maintenance,23.84,3
1769,2025-10-22,Sales,23.26,3
1770,2025-10-22,Admin,24.73,3
1771,2025-10-23,Rooms,60.42,8
1772,2025-10-23,Food & Beverage,69.2,9
1773,2025-10-23,Housekeeping,71.98,9
1774,2025-10-23,Maintenance,24.91,3
1775,2025-10-23,Sales,22.87,3
1776,2025-10-23,Admin,25.73,3
1777,2025-10-24,Rooms,70.75,9
1778,2025-10-24,Food & Beverage,63.57,8
1779,2025-10-24,Housekeeping,71.52,9
1780,2025-10-24,Maintenance,25.63,3
1781,2025-10-24,Sales,24.45,3
1782,2025-10-24,Admin,27.02,3
1783,2025-10-25,Rooms,72.57,9
1784,2025-10-25,Food & Beverage,74.31,9
1785,2025-10-25,Housekeeping,62.85,8
1786,2025-10-25,Maintenance,23.35,3
1787,2025-10-25,Sales,25.21,3
1788,2025-10-25,Admin,31.12,4
1789,2025-10-26,Rooms,66.01,8
1790,2025-10-26,Food & Beverage,70.63,9
1791,2025-10-26,Housekeeping,57.58,7
1792,2025-10-26,Maintenance,25.2,3
1793,2025-10-26,Sales,20.56,3
1794,2025-10-26,Admin,25.83,3
1795,2025-10-27,Rooms,55.08,7
1796,2025-10-27,Food & Beverage,62.89,8
1797,2025-10-27,Housekeeping,62.97,8
1798,2025-10-27,Maintenance,23.98,3
1799,2025-10-27,Sales,20.65,3
1800,2025-10-27,Admin,23.92,3
1801,2025-10-28,Rooms,62.64,8
1802,2025-10-28,Food & Beverage,50.63,6
1803,2025-10-28,Housekeeping,58.27,7
1804,2025-10-28,Maintenance,24.94,3
1805,2025-10-28,Sales,25.51,3
1806,2025-10-28,Admin,26.42,3
1807,2025-10-29,Rooms,58.98,7
1808,2025-10-29,Food & Beverage,45.7,6
1809,2025-10-29,Housekeeping,71.02,9
1810,2025-10-29,Maintenance,22.39,3
1811,2025-10-29,Sales,26.79,3
1812,2025-10-29,Admin,25.71,3
1813,2025-10-30,Rooms,60.03,8
1814,2025-10-30,Food & Beverage,68.75,9
1815,2025-10-30,Housekeeping,53.87,7
1816,2025-10-30,Maintenance,24.1,3
1817,2025-10-30,Sales,22.05,3
1818,2025-10-30,Admin,26.03,3
1819,2025-10-31,Rooms,67.23,8
1820,2025-10-31,Food & Beverage,60.12,8
1821,2025-10-31,Housekeeping,55.84,7
1822,2025-10-31,Maintenance,22.64,3
1823,2025-10-31,Sales,28.08,4
1824,2025-10-31,Admin,24.91,3
1825,2025-11-01,Rooms,52.34,7
1826,2025-11-01,Food & Beverage,57.88,7
1827,2025-11-01,Housekeeping,50.83,6
1828,2025-11-01,Maintenance,21.64,3
1829,2025-11-01,Sales,21.7,3
1830,2025-11-01,Admin,19.64,2
1831,2025-11-02,Rooms,59.21,7
1832,2025-11-02,Food & Beverage,48.61,6
1833,2025-11-02,Housekeeping,57.09,7
1834,2025-11-02,Maintenance,21.09,3
1835,2025-11-02,Sales,24.05,3
1836,2025-11-02,Admin,20.37,3
1837,2025-11-03,Rooms,50.46,6
1838,2025-11-03,Food & Beverage,50.81,6
1839,2025-11-03,Housekeeping,48.75,6
1840,2025-11-03,Maintenance,21.86,3
1841,2025-11-03,Sales,21.13,3
1842,2025-11-03,Admin,19.42,2
1843,2025-11-04,Rooms,49.22,6
1844,2025-11-04,Food & Beverage,48.2,6
1845,2025-11-04,Housekeeping,60.66,8
1846,2025-11-04,Maintenance,19.61,2
1847,2025-11-04,Sales,22.43,3
1848,2025-11-04,Admin,24.13,3
1849,2025-11-05,Rooms,53.65,7
1850,2025-11-05,Food & Beverage,65.37,8
1851,2025-11-05,Housekeeping,48.37,6
1852,2025-11-05,Maintenance,19.08,2
1853,2025-11-05,Sales,20.62,3
1854,2025-11-05,Admin,21.24,3
1855,2025-11-06,Rooms,46.75,6
1856,2025-11-06,Food & Beverage,51.57,6
1857,2025-11-06,Housekeeping,50.34,6
1858,2025-11-06,Maintenance,23.45,3
1859,2025-11-06,Sales,25.65,3
1860,2025-11-06,Admin,20.22,3
1861,2025-11-07,Rooms,61.08,8
1862,2025-11-07,Food & Beverage,46.93,6
1863,2025-11-07,Housekeeping,58.21,7
1864,2025-11-07,Maintenance,24.58,3
1865,2025-11-07,Sales,25.32,3
1866,2025-11-07,Admin,23.01,3
1867,2025-11-08,Rooms,49.27,6
1868,2025-11-08,Food & Beverage,57.53,7
1869,2025-11-08,Housekeeping,58.18,7
1870,2025-11-08,Maintenance,22.15,3
1871,2025-11-08,Sales,19.42,2
1872,2025-11-08,Admin,21.63,3
1873,2025-11-09,Rooms,46.06,6
1874,2025-11-09,Food & Beverage,51.47,6
1875,2025-11-09,Housekeeping,47.64,6
1876,2025-11-09,Maintenance,20.34,3
1877,2025-11-09,Sales,24.93,3
1878,2025-11-09,Admin,22.85,3
1879,2025-11-10,Rooms,55.11,7
1880,2025-11-10,Food & Beverage,55.34,7
1881,2025-11-10,Housekeeping,54.54,7
1882,2025-11-10,Maintenance,17.68,2
1883,2025-11-10,Sales,25.46,3
1884,2025-11-10,Admin,21.26,3
1885,2025-11-11,Rooms,54.58,7
1886,2025-11-11,Food & Beverage,52.59,7
1887,2025-11-11,Housekeeping,53.56,7
1888,2025-11-11,Maintenance,22.72,3
1889,2025-11-11,Sales,22.82,3
1890,2025-11-11,Admin,26.41,3
1891,2025-11-12,Rooms,44.21,6
1892,2025-11-12,Food & Beverage,51.99,6
1893,2025-11-12,Housekeeping,58.71,7
1894,2025-11-12,Maintenance,21.51,3
1895,2025-11-12,Sales,21.49,3
1896,2025-11-12,Admin,22.47,3
1897,2025-11-13,Rooms,60.25,8
1898,2025-11-13,Food & Beverage,56.92,7
1899,2025-11-13,Housekeeping,48.47,6
1900,2025-11-13,Maintenance,19.95,2
1901,2025-11-13,Sales,22.57,3
1902,2025-11-13,Admin,20.44,3
1903,2025-11-14,Rooms,58.78,7
1904,2025-11-14,Food & Beverage,57.34,7
1905,2025-11-14,Housekeeping,62.24,8
1906,2025-11-14,Maintenance,22.37,3
1907,2025-11-14,Sales,25.9,3
1908,2025-11-14,Admin,21.83,3
1909,2025-11-15,Rooms,52.35,7
1910,2025-11-15,Food & Beverage,52.03,7
1911,2025-11-15,Housekeeping,48.42,6
1912,2025-11-15,Maintenance,20.16,3
1913,2025-11-15,Sales,21.34,3
1914,2025-11-15,Admin,21.97,3
1915,2025-11-16,Rooms,55.38,7
1916,2025-11-16,Food & Beverage,48.78,6
1917,2025-11-16,Housekeeping,54.63,7
1918,2025-11-16,Maintenance,23.33,3
1919,2025-11-16,Sales,22.55,3
1920,2025-11-16,Admin,18.37,2
1921,2025-11-17,Rooms,53.53,7
1922,2025-11-17,Food & Beverage,60.14,8
1923,2025-11-17,Housekeeping,48.23,6
1924,2025-11-17,Maintenance,24.21,3
1925,2025-11-17,Sales,22.99,3
1926,2025-11-17,Admin,22.65,3
1927,2025-11-18,Rooms,48.12,6
1928,2025-11-18,Food & Beverage,57.37,7
1929,2025-11-18,Housekeeping,55.13,7
1930,2025-11-18,Maintenance,27.55,3
1931,2025-11-18,Sales,20.47,3
1932,2025-11-18,Admin,21.58,3
1933,2025-11-19,Rooms,59.34,7
1934,2025-11-19,Food & Beverage,57.42,7
1935,2025-11-19,Housekeeping,44.41,6
1936,2025-11-19,Maintenance,21.89,3
1937,2025-11-19,Sales,20.49,3
1938,2025-11-19,Admin,20.65,3
1939,2025-11-20,Rooms,57.93,7
1940,2025-11-20,Food & Beverage,55.33,7
1941,2025-11-20,Housekeeping,60.53,8
1942,2025-11-20,Maintenance,24.87,3
1943,2025-11-20,Sales,21.59,3
1944,2025-11-20,Admin,19.8,2
1945,2025-11-21,Rooms,59.44,7
1946,2025-11-21,Food & Beverage,47.85,6
1947,2025-11-21,Housekeeping,49.38,6
1948,2025-11-21,Maintenance,21.65,3
1949,2025-11-21,Sales,18.38,2
1950,2025-11-21,Admin,22.88,3
1951,2025-11-22,Rooms,60.04,8
1952,2025-11-22,Food & Beverage,48.39,6
1953,2025-11-22,Housekeeping,52.01,7
1954,2025-11-22,Maintenance,21.88,3
1955,2025-11-22,Sales,19.88,2
1956,2025-11-22,Admin,23.98,3
1957,2025-11-23,Rooms,57.81,7
1958,2025-11-23,Food & Beverage,46.8,6
1959,2025-11-23,Housekeeping,51.73,6
1960,2025-11-23,Maintenance,20.98,3
1961,2025-11-23,Sales,22.26,3
1962,2025-11-23,Admin,17.9,2
1963,2025-11-24,Rooms,57.58,7
1964,2025-11-24,Food & Beverage,57.38,7
1965,2025-11-24,Housekeeping,58.82,7
1966,2025-11-24,Maintenance,21.3,3
1967,2025-11-24,Sales,21.86,3
1968,2025-11-24,Admin,25.09,3
1969,2025-11-25,Rooms,53.48,7
1970,2025-11-25,Food & Beverage,58.49,7
1971,2025-11-25,Housekeeping,52.66,7
1972,2025-11-25,Maintenance,24.44,3
1973,2025-11-25,Sales,22.98,3
1974,2025-11-25,Admin,23.9,3
1975,2025-11-26,Rooms,53.7,7
1976,2025-11-26,Food & Beverage,56.25,7
1977,2025-11-26,Housekeeping,68.64,9
1978,2025-11-26,Maintenance,19.53,2
1979,2025-11-26,Sales,23.19,3
1980,2025-11-26,Admin,21.22,3
1981,2025-11-27,Rooms,59.61,7
1982,2025-11-27,Food & Beverage,55.7,7
1983,2025-11-27,Housekeeping,57.82,7
1984,2025-11-27,Maintenance,20.29,3
1985,2025-11-27,Sales,22.97,3
1986,2025-11-27,Admin,19.28,2
1987,2025-11-28,Rooms,46.14,6
1988,2025-11-28,Food & Beverage,50.05,6
1989,2025-11-28,Housekeeping,50.73,6
1990,2025-11-28,Maintenance,21.59,3
1991,2025-11-28,Sales,23.56,3
1992,2025-11-28,Admin,23.67,3
1993,2025-11-29,Rooms,64.04,8
1994,2025-11-29,Food & Beverage,63.49,8
1995,2025-11-29,Housekeeping,52.16,7
1996,2025-11-29,Maintenance,20.99,3
1997,2025-11-29,Sales,21.12,3
1998,2025-11-29,Admin,19.74,2
1999,2025-11-30,Rooms,51.11,6
2000,2025-11-30,Food & Beverage,62.68,8
2001,2025-11-30,Housekeeping,51.93,6
2002,2025-11-30,Maintenance,19.56,2
2003,2025-11-30,Sales,21.59,3
2004,2025-11-30,Admin,17.29,2
2005,2025-12-01,Rooms,71.46,9
2006,2025-12-01,Food & Beverage,82.01,10
2007,2025-12-01,Housekeeping,61.26,8
2008,2025-12-01,Maintenance,20.69,3
2009,2025-12-01,Sales,30.08,4
2010,2025-12-01,Admin,24.26,3
2011,2025-12-02,Rooms,73.98,9
2012,2025-12-02,Food & Beverage,63.06,8
2013,2025-12-02,Housekeeping,71.21,9
2014,2025-12-02,Maintenance,29.99,4
2015,2025-12-02,Sales,22.64,3
2016,2025-12-02,Admin,24.88,3
2017,2025-12-03,Rooms,79.8,10
2018,2025-12-03,Food & Beverage,64.99,8
2019,2025-12-03,Housekeeping,71.43,9
2020,2025-12-03,Maintenance,24.67,3
2021,2025-12-03,Sales,29.11,4
2022,2025-12-03,Admin,28.64,4
2023,2025-12-04,Rooms,74.23,9
2024,2025-12-04,Food & Beverage,71.85,9
2025,2025-12-04,Housekeeping,68.38,9
2026,2025-12-04,Maintenance,32.93,4
2027,2025-12-04,Sales,30.37,4
2028,2025-12-04,Admin,32.33,4
2029,2025-12-05,Rooms,52.95,7
2030,2025-12-05,Food & Beverage,68.16,9
2031,2025-12-05,Housekeeping,58.45,7
2032,2025-12-05,Maintenance,27.08,3
2033,2025-12-05,Sales,31.14,4
2034,2025-12-05,Admin,26.88,3
2035,2025-12-06,Rooms,64.62,8
2036,2025-12-06,Food & Beverage,67.13,8
2037,2025-12-06,Housekeeping,72.36,9
2038,2025-12-06,Maintenance,31.37,4
2039,2025-12-06,Sales,29.26,4
2040,2025-12-06,Admin,24.91,3
2041,2025-12-07,Rooms,78.24,10
2042,2025-12-07,Food & Beverage,55.13,7
2043,2025-12-07,Housekeeping,67.17,8
2044,2025-12-07,Maintenance,30.5,4
2045,2025-12-07,Sales,27.0,3
2046,2025-12-07,Admin,26.8,3
2047,2025-12-08,Rooms,66.51,8
2048,2025-12-08,Food & Beverage,74.4,9
2049,2025-12-08,Housekeeping,65.43,8
2050,2025-12-08,Maintenance,25.08,3
2051,2025-12-08,Sales,35.43,4
2052,2025-12-08,Admin,30.95,4
2053,2025-12-09,Rooms,71.49,9
2054,2025-12-09,Food & Beverage,68.04,9
2055,2025-12-09,Housekeeping,78.52,10
2056,2025-12-09,Maintenance,27.21,3
2057,2025-12-09,Sales,29.47,4
2058,2025-12-09,Admin,26.56,3
2059,2025-12-10,Rooms,74.3,9
2060,2025-12-10,Food & Beverage,71.54,9
2061,2025-12-10,Housekeeping,66.67,8
2062,2025-12-10,Maintenance,29.39,4
2063,2025-12-10,Sales,29.48,4
2064,2025-12-10,Admin,24.51,3
2065,2025-12-11,Rooms,56.0,7
2066,2025-12-11,Food & Beverage,68.8,9
2067,2025-12-11,Housekeeping,80.01,10
2068,2025-12-11,Maintenance,28.99,4
2069,2025-12-11,Sales,28.94,4
2070,2025-12-11,Admin,27.36,3
2071,2025-12-12,Rooms,68.55,9
2072,2025-12-12,Food & Beverage,63.31,8
2073,2025-12-12,Housekeeping,77.93,10
2074,2025-12-12,Maintenance,29.07,4
2075,2025-12-12,Sales,26.64,3
2076,2025-12-12,Admin,29.8,4
2077,2025-12-13,Rooms,86.78,11
2078,2025-12-13,Food & Beverage,77.38,10
2079,2025-12-13,Housekeeping,65.76,8
2080,2025-12-13,Maintenance,28.83,4
2081,2025-12-13,Sales,28.88,4
2082,2025-12-13,Admin,32.46,4
2083,2025-12-14,Rooms,62.13,8
2084,2025-12-14,Food & Beverage,85.1,11
2085,2025-12-14,Housekeeping,62.76,8
2086,2025-12-14,Maintenance,23.39,3
2087,2025-12-14,Sales,27.01,3
2088,2025-12-14,Admin,29.18,4
2089,2025-12-15,Rooms,70.88,9
2090,2025-12-15,Food & Beverage,67.28,8
2091,2025-12-15,Housekeeping,72.38,9
2092,2025-12-15,Maintenance,23.71,3
2093,2025-12-15,Sales,30.27,4
2094,2025-12-15,Admin,26.09,3
2095,2025-12-16,Rooms,79.37,10
2096,2025-12-16,Food & Beverage,72.48,9
2097,2025-12-16,Housekeeping,69.33,9
2098,2025-12-16,Maintenance,27.3,3
2099,2025-12-16,Sales,27.64,3
2100,2025-12-16,Admin,24.17,3
2101,2025-12-17,Rooms,68.69,9
2102,2025-12-17,Food & Beverage,65.85,8
2103,2025-12-17,Housekeeping,61.34,8
2104,2025-12-17,Maintenance,29.36,4
2105,2025-12-17,Sales,30.09,4
2106,2025-12-17,Admin,25.31,3
2107,2025-12-18,Rooms,70.69,9
2108,2025-12-18,Food & Beverage,66.87,8
2109,2025-12-18,Housekeeping,66.5,8
2110,2025-12-18,Maintenance,25.55,3
2111,2025-12-18,Sales,30.7,4
2112,2025-12-18,Admin,27.07,3
2113,2025-12-19,Rooms,70.25,9
2114,2025-12-19,Food & Beverage,80.59,10
2115,2025-12-19,Housekeeping,63.34,8
2116,2025-12-19,Maintenance,30.87,4
2117,2025-12-19,Sales,29.39,4
2118,2025-12-19,Admin,30.93,4
2119,2025-12-20,Rooms,63.66,8
2120,2025-12-20,Food & Beverage,78.63,10
2121,2025-12-20,Housekeeping,64.89,8
2122,2025-12-20,Maintenance,28.13,4
2123,2025-12-20,Sales,28.94,4
2124,2025-12-20,Admin,26.46,3
2125,2025-12-21,Rooms,68.6,9
2126,2025-12-21,Food & Beverage,72.2,9
2127,2025-12-21,Housekeeping,75.05,9
2128,2025-12-21,Maintenance,30.29,4
2129,2025-12-21,Sales,29.55,4
2130,2025-12-21,Admin,26.23,3
2131,2025-12-22,Rooms,65.11,8
2132,2025-12-22,Food & Beverage,66.69,8
2133,2025-12-22,Housekeeping,74.94,9
2134,2025-12-22,Maintenance,26.95,3
2135,2025-12-22,Sales,28.63,4
2136,2025-12-22,Admin,27.44,3
2137,2025-12-23,Rooms,70.79,9
2138,2025-12-23,Food & Beverage,77.57,10
2139,2025-12-23,Housekeeping,81.3,10
2140,2025-12-23,Maintenance,28.54,4
2141,2025-12-23,Sales,25.97,3
2142,2025-12-23,Admin,30.75,4
2143,2025-12-24,Rooms,64.83,8
2144,2025-12-24,Food & Beverage,77.46,10
2145,2025-12-24,Housekeeping,75.43,9
2146,2025-12-24,Maintenance,30.98,4
2147,2025-12-24,Sales,32.37,4
2148,2025-12-24,Admin,22.8,3
2149,2025-12-25,Rooms,80.39,10
2150,2025-12-25,Food & Beverage,62.82,8
2151,2025-12-25,Housekeeping,71.33,9
2152,2025-12-25,Maintenance,24.78,3
2153,2025-12-25,Sales,28.61,4
2154,2025-12-25,Admin,25.91,3
2155,2025-12-26,Rooms,66.17,8
2156,2025-12-26,Food & Beverage,68.08,9
2157,2025-12-26,Housekeeping,51.18,6
2158,2025-12-26,Maintenance,29.29,4
2159,2025-12-26,Sales,27.38,3
2160,2025-12-26,Admin,30.22,4
2161,2025-12-27,Rooms,73.0,9
2162,2025-12-27,Food & Beverage,70.74,9
2163,2025-12-27,Housekeeping,72.39,9
2164,2025-12-27,Maintenance,27.96,3
2165,2025-12-27,Sales,29.95,4
2166,2025-12-27,Admin,26.36,3
2167,2025-12-28,Rooms,66.55,8
2168,2025-12-28,Food & Beverage,71.24,9
2169,2025-12-28,Housekeeping,73.82,9
2170,2025-12-28,Maintenance,26.38,3
2171,2025-12-28,Sales,24.23,3
2172,2025-12-28,Admin,30.81,4
2173,2025-12-29,Rooms,54.38,7
2174,2025-12-29,Food & Beverage,66.91,8
2175,2025-12-29,Housekeeping,66.68,8
2176,2025-12-29,Maintenance,23.62,3
2177,2025-12-29,Sales,23.04,3
2178,2025-12-29,Admin,25.57,3
2179,2025-12-30,Rooms,75.88,9
2180,2025-12-30,Food & Beverage,67.92,8
2181,2025-12-30,Housekeeping,63.54,8
2182,2025-12-30,Maintenance,25.15,3
2183,2025-12-30,Sales,31.04,4
2184,2025-12-30,Admin,25.34,3
2185,2025-12-31,Rooms,80.87,10
2186,2025-12-31,Food & Beverage,56.93,7
2187,2025-12-31,Housekeeping,67.4,8
2188,2025-12-31,Maintenance,23.71,3
2189,2025-12-31,Sales,22.73,3
2190,2025-12-31,Admin,26.17,3
